0.82207, 0.91181, 0.88563, 0.78018, 0.64716, 0.34371, 0.28306, 0.21141,
0.12154, 0.29302, 0.22339, 0.22462, 0.27513, 0.34526, 0.67971, 0.78513,
0.96414, 0.72911, 0.99316, 0.72118, 0.90557, 0.98607, 0.97830, 0.99482,
0.90314, 0.81709, 0.78892, 0.97319, 0.85119, 0.97191, 0.95411, 0.77910,
0.94057, 0.85219, 0.74819, 0.77670, 0.92516, 0.81305, 0.89440, 0.99203,
0.90738, 0.92462, 0.80315, 0.84917, 0.90086, 0.92315, 0.95209, 0.75834,
0.85714, 0.87705, 0.90861, 0.99800, 0.92937, 0.94992, 0.95415, 0.80607,
0.74714, 0.57816, 0.45904, 0.20015, 0.40513, 0.33001, 0.31080, 0.48717,
0.47804, 0.37440, 0.47512, 0.83704, 0.86181, 0.91310, 0.95617, 0.89380,
0.82806, 0.94039, 0.87272, 0.83816, 0.84008, 0.89939, 0.84411, 0.81000,
0.99011, 0.96313, 0.92217, 0.98695, 0.86019, 0.89611, 0.78535, 0.90501,
0.84695, 0.76907, 0.75012, 0.80708, 0.99553, 0.92816, 0.85408, 0.75511,
0.84903, 0.86049, 0.90896, 0.93005, 0.78911, 0.87970, 0.87407, 0.89584,
0.72744, 0.93719, 0.99708, 0.98574, 0.71213, 0.87604, 0.63951, 0.41114,
0.33511, 0.62804, 0.76412, 0.83806, 0.89201, 0.76607, 0.69031, 0.74122,
0.90710, 0.82508, 0.92335, 0.82016, 0.93010, 0.70905, 0.97007, 0.97330,
0.93342, 0.90312, 0.71007, 0.77288, 0.70218, 0.85610, 0.81241, 0.96814,
0.83115, 0.73826, 0.80018, 0.85418, 0.92785, 0.84904, 0.92431, 0.85562,
0.73315, 0.83513, 0.99081, 0.85911, 0.85003, 0.74042, 0.88107, 0.88331,
0.96182, 0.70418, 0.76310, 0.88834, 0.88914, 0.95611, 0.96571, 0.77516,
0.86113, 0.97331, 0.85811, 0.50706, 0.34809, 0.67700, 0.87130, 0.70532,
0.79114, 0.83306, 0.97954, 0.95115, 0.95406, 0.82191, 0.82111, 0.91419,
0.87574, 0.74416, 0.94401, 0.88851, 0.98307, 0.78332, 0.75212, 0.73018,
0.75307, 0.79162, 0.68410, 0.78811, 0.86681, 0.93210, 0.72815, 0.91114,
0.70804, 0.96330, 0.99042, 0.72808, 0.81090, 0.71277, 0.97007, 0.71232,
0.79532, 0.84711, 0.72302, 0.71808, 0.58915, 0.73617, 0.93671, 0.88812,
0.81519, 0.89850, 0.89013, 0.86400, 0.99403, 0.86500, 0.90533, 0.68092,
0.42715, 0.20502, 0.76299, 0.82819, 0.79808, 0.73171, 0.85610, 0.75316,
0.75575, 0.79416, 0.87912, 0.84785, 0.80206, 0.97898, 0.91277, 0.95016,
0.83301, 0.76433, 0.86912, 0.74708, 0.90021, 0.81303, 0.70348, 0.48364,
0.73404, 0.98033, 0.81092, 0.99900, 0.78097, 0.85688, 0.84317, 0.77518,
0.91027, 0.97317, 0.82112, 0.93376, 0.82504, 0.75330, 0.74442, 0.92417,
0.57317, 0.40199, 0.65316, 0.91608, 0.89831, 0.94203, 0.83036, 0.83972,
0.97713, 0.83118, 0.99841, 0.86015, 0.86211, 0.34840, 0.26012, 0.52601,
0.63798, 0.61012, 0.83926, 0.72631, 0.87604, 0.77038, 0.77332, 0.71013,
0.94413, 0.77080, 0.88611, 0.86900, 0.84431, 0.97918, 0.90907, 0.81541,
0.84816, 0.70808, 0.77460, 0.56304, 0.42838, 0.65882, 0.84813, 0.85711,
0.99818, 0.74911, 0.76607, 0.84731, 0.85811, 0.76612, 0.97714, 0.91614,
0.84029, 0.72221, 0.99600, 0.87630, 0.88572, 0.53713, 0.46507, 0.67608,
0.83018, 0.90300, 0.80685, 0.85610, 0.73918, 0.88586, 0.81519, 0.78218,
0.84876, 0.85614, 0.74405, 0.29138, 0.23310, 0.36002, 0.38901, 0.36906,
0.43135, 0.40542, 0.21012, 0.44212, 0.80885, 0.78919, 0.95913, 0.82302,
0.94303, 0.96494, 0.92897, 0.88701, 0.88393, 0.87689, 0.81713, 0.65306,
0.65671, 0.35305, 0.60237, 0.72812, 0.86017, 0.70510, 0.76386, 0.91014,
0.74817, 0.86431, 0.71401, 0.89130, 0.95682, 0.94317, 0.73617, 0.88955,
0.70600, 0.70690, 0.41667, 0.38519, 0.75023, 0.75661, 0.61409, 0.80738,
0.87222, 0.94400, 0.76032, 0.85674, 0.99214, 0.83905, 0.75018, 0.85218,
0.51016, 0.55331, 0.52819, 0.42217, 0.39951, 0.44018, 0.53502, 0.49727,
0.59309, 0.71537, 0.80442, 0.70000, 0.75494, 0.85337, 0.98216, 0.91611,
0.97716, 0.62208, 0.46732, 0.32602, 0.31113, 0.43402, 0.13973, 0.41716,
0.45919, 0.52064, 0.48800, 0.71990, 0.90917, 0.81313, 0.84715, 0.96320,
0.82812, 0.94405, 0.84360, 0.64318, 0.42613, 0.45732, 0.42705, 0.44690,
0.36467, 0.36209, 0.33133, 0.49184, 0.53304, 0.77645, 0.85344, 0.81206,
0.91237, 0.79312, 0.72718, 0.85817, 0.77735, 0.79110, 0.88119, 0.74961,
0.79802, 0.66338, 0.63142, 0.86214, 0.70718, 0.73016, 0.90818, 0.72103,
0.97594, 0.90912, 0.94900, 0.94281, 0.92006, 0.79137, 0.86842, 0.66215,
0.58812, 0.58324, 0.31613, 0.23603, 0.68381, 0.62110, 0.62812, 0.69175,
0.96115, 0.94515, 0.87796, 0.99501, 0.73839, 0.73252, 0.98313, 0.88005,
0.64875, 0.76414, 0.69412, 0.56945, 0.48205, 0.44636, 0.48522, 0.66014,
0.53908, 0.68836, 0.90112, 0.91617, 0.97867, 0.92618, 0.88412, 0.99725,
0.75812, 0.91915, 0.90896, 0.86700, 0.88135, 0.75682, 0.81419, 0.73406,
0.90443, 0.90608, 0.83195, 0.94257, 0.93018, 0.94214, 0.77544, 0.84908,
0.90197, 0.97648, 0.83508, 0.97398, 0.83327, 0.83113, 0.88705, 0.54513,
0.33812, 0.66508, 0.87271, 0.70508, 0.71842, 0.71986, 0.87909, 0.73833,
0.96682, 0.75102, 0.99518, 0.91650, 0.71007, 0.79085, 0.80416, 0.86308,
0.79383, 0.66684, 0.47902, 0.58399, 0.76600, 0.74003, 0.88144, 0.98166,
0.96011, 0.87700, 0.98098, 0.90207, 0.90832, 0.72109, 0.82515, 0.95425,
0.90977, 0.61813, 0.74210, 0.93026, 0.75318, 0.71402, 0.82722, 0.88006,
0.81548, 0.87632, 0.90402, 0.99870, 0.80209, 0.98813, 0.89507, 0.82829,
0.83603, 0.77160, 0.86074, 0.77200, 0.59072, 0.54643, 0.83501, 0.73437,
0.85244, 0.70918, 0.73616, 0.85512, 0.89007, 0.88493, 0.71683, 0.98305,
0.98330, 0.80635, 0.75305, 0.83685, 0.86752, 0.88602, 0.64795, 0.47736,
0.66707, 0.89295, 0.91019, 0.92601, 0.79880, 0.92817, 0.88309, 0.95267,
0.94639, 0.96405, 0.90263, 0.87766, 0.84606, 0.81195, 0.57450, 0.60703,
0.81056, 0.66612, 0.58805, 0.71544, 0.86608, 0.96118, 0.70716, 0.95871,
0.86019, 0.90506, 0.81222, 0.96707, 0.75988, 0.98013, 0.90408, 0.85463,
0.85427, 0.62904, 0.59160, 0.75102, 0.98301, 0.93377, 0.92489, 0.73700,
0.90094, 0.87270, 0.95800, 0.90678, 0.85490, 0.93416, 0.89802, 0.94417,
0.82609, 0.94888, 0.89202, 0.75401, 0.45583, 0.79530, 0.99305, 0.70646,
0.86618, 0.95803, 0.71292, 0.92382, 0.95202, 0.83448, 0.81041, 0.92908,
0.70941, 0.84853, 0.70008, 0.40798, 0.67258, 0.61906, 0.56666, 0.63813,
0.78606, 0.77574, 0.92673, 0.98712, 0.72817, 0.73894, 0.87206, 0.87148,
0.78771, 0.93609, 0.95287, 0.86043, 0.88309, 0.98237, 0.85457, 0.66609,
0.74572, 0.77304, 0.95017, 0.85419, 0.71046, 0.72408, 0.81658, 0.97911,
0.95514, 0.84706, 0.97162, 0.99018, 0.84726, 0.84693, 0.80613, 0.98106,
0.82901, 0.75410, 0.76001, 0.90905, 0.93202, 0.85736, 0.82247, 0.75515,
0.95617, 0.71110, 0.81208, 0.82658, 0.76690, 0.87705, 0.85164, 0.82380,
0.57302, 0.52474, 0.89980, 0.56801, 0.43366, 0.76249, 0.80815, 0.98615,
0.84844, 0.80706, 0.90070, 0.96640, 0.99717, 0.90220, 0.82940, 0.94818,
0.79321, 0.96906, 0.91903, 0.92272, 0.71283, 0.95210, 0.83120, 0.95072,
0.81203, 0.84781, 0.86376, 0.81017, 0.93402, 0.98229, 0.97304, 0.86931,
0.70782, 0.86703, 0.96670, 0.74704, 0.97000, 0.88381, 0.76634, 0.86015,
0.79401, 0.89924, 0.98103, 0.87433, 0.99622, 0.79800, 0.75065, 0.79061,
0.90216, 0.86726, 0.95650, 0.82512, 0.76609, 0.50740, 0.61915, 0.73329,
0.42940, 0.62800, 0.85241, 0.94293, 0.81101, 0.84341, 0.94213, 0.91305,
0.99838, 0.72549, 0.89519, 0.95900, 0.96020, 0.99318, 0.99705, 0.82581,
0.88800, 0.80951, 0.77546, 0.96704, 0.74664, 0.80327, 0.76002, 0.93458,
0.96673, 0.76403, 0.80432, 0.72389, 0.81212, 0.87426, 0.90104, 0.87801,
0.88360, 0.72292, 0.93105, 0.88456, 0.75700, 0.80409, 0.88596, 0.86552,
0.98401, 0.97147, 0.84417, 0.70805, 0.90184, 0.92177, 0.98212, 0.70009,
0.89311, 0.79407, 0.49856, 0.47299, 0.72219, 0.64107, 0.56165, 0.85803,
0.80898, 0.88738, 0.99303, 0.85642, 0.75670, 0.98102, 0.92991, 0.77508,
0.95905, 0.98130, 0.78487, 0.66010, 0.82109, 0.70870, 0.80700, 0.78836,
0.86936, 0.79204, 0.78773, 0.82238, 0.84506, 0.72667, 0.99990, 0.91008,
0.87756, 0.97920, 0.79316, 0.74612, 0.86607, 0.71905, 0.88946, 0.81940,
0.86619, 0.87219, 0.70221, 0.76301, 0.79338, 0.77296, 0.89004, 0.79441,
0.74792, 0.93819, 0.76901, 0.79990, 0.86004, 0.93866, 0.87264, 0.49606,
0.52644, 0.62816, 0.31607, 0.62648, 0.70912, 0.74208, 0.88952, 0.91794,
0.93605, 0.89678, 0.89340, 0.93815, 0.78920, 0.82267, 0.78314, 0.65801,
0.46660, 0.54202, 0.53038, 0.89429, 0.71415, 0.76719, 0.50640, 0.50303,
0.75986, 0.71907, 0.76801, 0.91255, 0.80843, 0.84603, 0.82837, 0.71515,
0.71201, 0.55979, 0.41404, 0.51404, 0.75939, 0.87793, 0.89711, 0.78421,
0.56585, 0.65005, 0.77296, 0.70847, 0.97509, 0.86290, 0.93613, 0.76905,
0.99683, 0.87574, 0.94801, 0.74036, 0.47474, 0.60007, 0.72246, 0.49379,
0.43302, 0.75387, 0.90331, 0.96709, 0.81647, 0.89035, 0.70101, 0.76656,
0.74845, 0.92104, 0.77989, 0.63709, 0.35411, 0.28523, 0.32326, 0.40308,
0.78597, 0.91038, 0.85900, 0.54074, 0.56439, 0.74101, 0.79270, 0.88670,
0.92001, 0.86897, 0.90193, 0.82808, 0.95389, 0.65394, 0.59102, 0.46941,
0.41093, 0.34807, 0.61994, 0.79104, 0.87007, 0.51558, 0.58657, 0.72411,
0.83609, 0.85790, 0.85108, 0.83595, 0.78993, 0.96115, 0.94203, 0.95581,
0.87408, 0.59397, 0.64284, 0.75102, 0.31974, 0.56754, 0.89803, 0.72396,
0.82174, 0.95106, 0.87263, 0.74031, 0.96100, 0.93539, 0.72638, 0.83407,
0.62679, 0.38173, 0.47409, 0.53531, 0.47698, 0.42504, 0.89567, 0.77310,
0.73714, 0.57620, 0.72290, 0.88210, 0.79828, 0.87574, 0.80408, 0.98861,
0.89499, 0.70708, 0.53068, 0.47449, 0.57311, 0.50007, 0.26123, 0.43410,
0.72200, 0.92830, 0.69103, 0.47880, 0.63611, 0.96002, 0.98535, 0.77906,
0.92900, 0.96032, 0.84816, 0.72310, 0.99712, 0.74832, 0.65904, 0.53786,
0.66348, 0.59806, 0.56331, 0.77229, 0.81015, 0.71301, 0.71662, 0.92207,
0.91634, 0.95253, 0.76708, 0.93191, 0.62425, 0.45015, 0.45811, 0.66060,
0.57606, 0.33963, 0.40932, 0.66404, 0.79671, 0.65400, 0.56504, 0.53545,
0.85148, 0.81100, 0.88244, 0.74160, 0.88408, 0.86594, 0.71671, 0.67911,
0.58904, 0.78176, 0.67413, 0.36721, 0.38577, 0.65707, 0.70632, 0.85417,
0.37304, 0.67084, 0.75669, 0.98808, 0.78332, 0.91079, 0.93702, 0.92787,
0.97128, 0.94914, 0.77102, 0.80936, 0.88317, 0.76411, 0.87939, 0.70205,
0.72986, 0.93107, 0.98514, 0.74311, 0.87417, 0.94602, 0.98249, 0.96584,
0.88000, 0.61258, 0.59602, 0.55810, 0.76311, 0.63459, 0.40008, 0.48147,
0.52227, 0.82012, 0.50316, 0.47963, 0.63606, 0.75056, 0.72069, 0.88001,
0.98443, 0.98999, 0.78805, 0.60473, 0.56642, 0.52116, 0.71403, 0.87100,
0.51006, 0.41732, 0.51515, 0.97206, 0.57641, 0.32939, 0.60503, 0.84275,
0.88862, 0.78918, 0.81425, 0.91603, 0.82916, 0.84628, 0.88593, 0.85901,
0.73573, 0.77278, 0.72814, 0.99503, 0.85552, 0.80515, 0.99224, 0.80996,
0.97705, 0.97160, 0.88106, 0.89408, 0.90487, 0.83471, 0.77800, 0.56354,
0.68664, 0.84119, 0.71908, 0.66972, 0.29503, 0.53734, 0.53313, 0.49209,
0.39692, 0.70891, 0.80417, 0.83409, 0.87889, 0.84005, 0.86730, 0.85825,
0.83715, 0.50702, 0.51242, 0.85500, 0.74099, 0.66278, 0.26004, 0.57296,
0.61534, 0.51206, 0.44499, 0.80557, 0.95707, 0.84354, 0.71899, 0.98214,
0.98523, 0.81193, 0.83204, 0.90763, 0.93829, 0.83719, 0.94204, 0.71085,
0.80001, 0.89036, 0.83477, 0.94605, 0.81033, 0.86726, 0.89107, 0.89850,
0.86050, 0.79218, 0.95206, 0.93762, 0.62906, 0.47865, 0.76139, 0.88916,
0.76428, 0.41311, 0.22807, 0.31574, 0.37898, 0.47208, 0.71392, 0.73271,
0.82501, 0.88849, 0.96352, 0.90704, 0.80452, 0.81272, 0.60906, 0.57779,
0.65445, 0.98810, 0.70809, 0.50434, 0.47703, 0.40178, 0.44025, 0.62001,
0.86499, 0.92811, 0.86309, 0.91845, 0.71185, 0.99007, 0.85951, 0.75485,
0.71605, 0.87044, 0.71810, 0.84011, 0.78626, 0.81003, 0.77212, 0.67204,
0.84156, 0.71211, 0.98921, 0.85017, 0.85815, 0.88907, 0.77234, 0.72607,
0.84351, 0.73853, 0.64010, 0.89008, 0.91067, 0.94009, 0.68748, 0.51368,
0.57119, 0.58911, 0.61530, 0.99206, 0.77937, 0.96172, 0.86216, 0.83707,
0.91897, 0.73018, 0.76119, 0.62469, 0.70009, 0.98695, 0.80940, 0.97710,
0.59621, 0.61951, 0.64012, 0.59921, 0.86720, 0.83114, 0.92724, 0.87374,
0.87711, 0.86728, 0.81800, 0.83905, 0.91066, 0.56441, 0.56911, 0.55724,
0.62170, 0.82910, 0.86419, 0.83248, 0.50200, 0.64572, 0.89590, 0.77505,
0.94866, 0.86707, 0.80216, 0.75307, 0.89272, 0.94004, 0.84789, 0.86195,
0.85518, 0.98823, 0.92385, 0.90219, 0.74914, 0.89440, 0.96306, 0.88595,
0.92396, 0.97902, 0.74581, 0.99919, 0.87208, 0.96434, 0.92599, 0.83613,
0.85721, 0.71664, 0.90018, 0.85322, 0.90335, 0.85010, 0.74724, 0.71470,
0.71209, 0.87745, 0.94710, 0.92006, 0.78091, 0.86954, 0.81514, 0.99212,
0.71372, 0.57106, 0.47488, 0.37941, 0.37001, 0.30540, 0.62616, 0.91400,
0.79340, 0.50620, 0.36907, 0.61649, 0.77739, 0.98808, 0.76799, 0.84616,
0.83800, 0.85538, 0.80273, 0.79003, 0.73390, 0.99090, 0.97901, 0.95339,
0.98229, 0.92210, 0.86219, 0.86060, 0.98713, 0.98819, 0.80215, 0.98508,
0.96861, 0.80392, 0.92008, 0.92271, 0.78756, 0.73103, 0.88475, 0.73366,
0.91101, 0.83463, 0.79601, 0.83406, 0.78350, 0.90907, 0.81018, 0.94824,
0.96881, 0.84100, 0.81992, 0.97540, 0.77409, 0.89287, 0.60498, 0.42418,
0.62707, 0.34448, 0.44906, 0.42998, 0.72771, 0.89806, 0.72834, 0.49414,
0.52902, 0.93366, 0.85584, 0.87406, 0.95656, 0.95668, 0.93619, 0.94127,
0.57783, 0.57812, 0.73202, 0.95802, 0.81607, 0.80881, 0.76247, 0.98808,
0.89771, 0.84955, 0.87019, 0.85918, 0.87118, 0.94709, 0.85475, 0.75949,
0.99611, 0.85416, 0.57533, 0.64309, 0.80749, 0.92198, 0.93006, 0.79465,
0.76076, 0.89708, 0.99740, 0.95053, 0.92003, 0.89589, 0.83143, 0.76515,
0.89306, 0.81524, 0.86608, 0.59588, 0.45801, 0.76300, 0.67053, 0.32612,
0.32903, 0.71442, 0.92914, 0.66002, 0.35642, 0.62055, 0.95807, 0.78063,
0.95636, 0.86819, 0.88712, 0.88659, 0.74401, 0.43783, 0.42557, 0.70905,
0.79678, 0.60244, 0.85603, 0.62487, 0.92053, 0.85908, 0.77565, 0.77876,
0.97218, 0.79323, 0.92664, 0.82108, 0.73297, 0.89309, 0.65710, 0.62801,
0.48861, 0.63417, 0.72405, 0.84810, 0.72707, 0.82687, 0.83136, 0.72911,
0.98419, 0.80253, 0.91218, 0.83729, 0.78925, 0.72800, 0.98764, 0.68515,
0.60504, 0.69783, 0.72917, 0.80916, 0.50627, 0.44582, 0.67815, 0.78919,
0.51080, 0.46808, 0.59868, 0.77501, 0.84706, 0.83481, 0.80068, 0.79702,
0.76744, 0.63286, 0.34906, 0.37963, 0.48079, 0.59809, 0.57584, 0.47919,
0.51617, 0.52507, 0.60672, 0.84019, 0.82106, 0.80941, 0.86302, 0.92255,
0.93339, 0.88200, 0.55388, 0.58350, 0.40615, 0.45512, 0.61455, 0.50502,
0.55466, 0.51346, 0.61314, 0.54114, 0.55926, 0.84303, 0.88262, 0.92922,
0.87015, 0.81017, 0.94404, 0.98003, 0.78841, 0.56211, 0.49015, 0.62814,
0.83038, 0.64505, 0.42192, 0.51948, 0.56614, 0.51019, 0.40721, 0.65303,
0.98671, 0.79667, 0.80617, 0.79719, 0.77728, 0.58704, 0.45499, 0.28437,
0.23512, 0.41305, 0.40605, 0.48701, 0.33751, 0.27285, 0.32909, 0.27354,
0.62633, 0.66510, 0.88514, 0.96746, 0.89709, 0.93962, 0.97995, 0.72706,
0.56480, 0.22792, 0.19211, 0.33917, 0.27567, 0.31707, 0.32456, 0.20619,
0.43701, 0.49963, 0.54425, 0.73404, 0.99540, 0.90452, 0.81905, 0.98858,
0.78525, 0.97402, 0.57269, 0.69993, 0.89604, 0.84750, 0.77430, 0.59200,
0.31294, 0.47198, 0.37506, 0.51479, 0.74854, 0.86504, 0.74647, 0.85858,
0.92715, 0.93815, 0.74877, 0.55302, 0.53767, 0.40169, 0.58613, 0.67901,
0.54334, 0.67316, 0.54916, 0.51151, 0.50105, 0.48675, 0.67492, 0.89806,
0.90541, 0.82516, 0.88918, 0.94212, 0.66071, 0.65304, 0.46440, 0.40728,
0.63916, 0.78526, 0.75290, 0.50816, 0.51816, 0.64702, 0.48904, 0.47954,
0.66505, 0.91509, 0.90586, 0.95011, 0.95500, 0.92786, 0.87216, 0.88900,
0.73668, 0.99442, 0.84303, 0.96790, 0.64041, 0.67105, 0.51584, 0.54718,
0.71417, 0.99412, 0.81339, 0.92408, 0.77647, 0.74242, 0.99002, 0.85970,
0.84712, 0.58912, 0.43620, 0.79824, 0.80619, 0.72204, 0.79269, 0.79006,
0.79596, 0.78744, 0.30211, 0.77126, 0.77027, 0.90100, 0.92349, 0.78640,
0.74814, 0.76914, 0.71840, 0.42104, 0.52568, 0.74852, 0.81402, 0.72052,
0.76442, 0.96908, 0.75782, 0.70228, 0.45500, 0.71762, 0.88620, 0.88614,
0.99206, 0.75601, 0.96312, 0.71023, 0.72980, 0.85707, 0.78737, 0.92653,
0.92102, 0.94183, 0.73440, 0.74703, 0.81481, 0.92541, 0.75101, 0.83186,
0.94155, 0.92500, 0.84562, 0.81140, 0.88410, 0.89600, 0.55702, 0.44503,
0.79841, 0.96643, 0.95901, 0.78330, 0.89144, 0.79008, 0.62770, 0.43608,
0.58300, 0.96174, 0.95435, 0.92508, 0.93065, 0.94735, 0.88511, 0.88013,
0.67171, 0.47813, 0.84322, 0.96486, 0.95613, 0.86710, 0.86870, 0.81302,
0.67779, 0.35912, 0.65602, 0.85266, 0.73411, 0.99118, 0.87417, 0.81218,
0.88409, 0.70558, 0.80854, 0.78914, 0.81221, 0.77644, 0.75410, 0.76103,
0.76974, 0.72209, 0.92599, 0.81769, 0.77703, 0.85785, 0.99683, 0.78807,
0.87248, 0.95615, 0.82101, 0.62237, 0.67006, 0.84207, 0.77078, 0.93472,
0.78414, 0.70611, 0.70717, 0.62601, 0.40168, 0.55441, 0.72410, 0.99809,
0.73839, 0.83719, 0.88221, 0.92604, 0.74405, 0.73462, 0.53215, 0.82509,
0.96234, 0.85602, 0.71108, 0.88133, 0.74068, 0.60807, 0.31796, 0.51913,
0.75013, 0.82219, 0.80133, 0.81106, 0.89641, 0.86280, 0.64716, 0.65916,
0.62069, 0.70100, 0.83753, 0.93651, 0.87614, 0.85604, 0.92654, 0.80209,
0.89155, 0.70074, 0.93313, 0.81715, 0.82744, 0.82705, 0.79566, 0.75161,
0.88904, 0.74684, 0.81348, 0.74105, 0.80366, 0.89344, 0.78216, 0.70102,
0.65479, 0.54810, 0.71914, 0.83597, 0.82302, 0.88053, 0.80756, 0.74807,
0.90558, 0.70453, 0.83203, 0.83597, 0.88087, 0.95909, 0.84182, 0.90444,
0.82407, 0.89659, 0.88022, 0.61106, 0.72133, 0.94992, 0.80109, 0.96376,
0.74155, 0.83701, 0.74370, 0.50536, 0.48804, 0.81771, 0.81549, 0.72107,
0.84936, 0.74617, 0.88708, 0.77681, 0.80296, 0.94708, 0.82682, 0.75022,
0.84309, 0.91171, 0.75261, 0.88307, 0.87379, 0.83218, 0.90913, 0.71602,
0.95546, 0.98201, 0.83776, 0.90875, 0.82301, 0.82152, 0.77406, 0.83604,
0.75389, 0.74497, 0.73408, 0.91263, 0.92270, 0.90605, 0.98747, 0.99476,
0.71217, 0.86000, 0.90331, 0.99205, 0.95387, 0.77125, 0.99613, 0.75503,
0.88274, 0.86702, 0.76284, 0.93507, 0.88107, 0.78562, 0.67069, 0.41800,
0.28173, 0.45542, 0.58004, 0.64381, 0.58488, 0.55004, 0.60263, 0.55229,
0.59505, 0.63253, 0.94145, 0.90308, 0.98935, 0.87976, 0.89104, 0.96867,
0.82773, 0.86204, 0.75074, 0.85622, 0.75400, 0.77269, 0.78296, 0.76104,
0.86693, 0.66032, 0.64617, 0.75702, 0.88303, 0.88615, 0.96809, 0.89591,
0.78201, 0.81348, 0.82473, 0.86014, 0.79200, 0.77280, 0.70415, 0.81615,
0.75452, 0.78204, 0.73655, 0.66218, 0.61905, 0.70335, 0.93788, 0.98204,
0.94473, 0.86373, 0.76800, 0.69891, 0.35523, 0.17801, 0.34899, 0.31374,
0.21115, 0.33527, 0.45061, 0.38004, 0.23799, 0.20561, 0.42602, 0.81159,
0.92078, 0.95511, 0.78822, 0.81325, 0.93905, 0.83139, 0.81603, 0.60900,
0.32594, 0.49973, 0.30201, 0.42285, 0.34221, 0.43100, 0.48485, 0.31620,
0.58700, 0.77669, 0.71162, 0.86300, 0.95259, 0.84032, 0.88518, 0.98329,
0.82991, 0.52814, 0.40926, 0.28796, 0.37902, 0.30443, 0.46687, 0.41301,
0.39377, 0.37457, 0.48204, 0.81890, 0.92282, 0.75303, 0.81248, 0.93892,
0.72513, 0.74419, 0.32539, 0.49101, 0.47030, 0.64495, 0.50601, 0.51234,
0.66029, 0.48119, 0.53311, 0.32852, 0.76801, 0.76793, 0.77858, 0.89307,
0.93345, 0.91985, 0.95014, 0.77905, 0.58496, 0.30713, 0.27210, 0.29757,
0.31201, 0.39394, 0.41742, 0.51304, 0.45069, 0.62776, 0.82006, 0.89080,
0.99998, 0.93403, 0.85066, 0.77911, 0.88404, 0.77376, 0.71554, 0.38308,
0.27465, 0.32022, 0.31408, 0.36273, 0.35846, 0.33200, 0.31369, 0.41444,
0.78806, 0.79577, 0.93352, 0.90502, 0.93061, 0.96943, 0.72117, 0.45429,
0.59477, 0.63912, 0.80301, 0.94129, 0.78701, 0.83598, 0.68851, 0.69510,
0.52805, 0.79655, 0.80211, 0.72204, 0.99394, 0.92808, 0.90095, 0.83451,
0.87706, 0.67062, 0.53654, 0.48206, 0.66896, 0.78725, 0.60006, 0.78965,
0.89072, 0.77906, 0.69277, 0.93193, 0.99605, 0.81147, 0.92272, 0.96403,
0.92785, 0.91601, 0.95711, 0.75216, 0.47915, 0.35404, 0.50371, 0.77029,
0.80505, 0.70445, 0.87801, 0.73206, 0.64176, 0.99826, 0.84202, 0.85277,
0.88296, 0.91009, 0.98057, 0.71619, 0.73116, 0.42207, 0.78319, 0.96214,
0.92019, 0.93299, 0.75203, 0.94161, 0.89971, 0.34300, 0.68761, 0.73888,
0.79212, 0.96716, 0.92491, 0.72007, 0.91457, 0.82861, 0.55601, 0.30030,
0.66124, 0.81403, 0.85690, 0.86418, 0.94005, 0.88174, 0.97594, 0.92203,
0.83864, 0.83061, 0.88419, 0.71607, 0.92239, 0.84615, 0.92400, 0.86327,
0.53204, 0.32156, 0.44358, 0.82800, 0.70941, 0.95178, 0.86306, 0.86249,
0.91312, 0.92002, 0.84288, 0.99044, 0.72906, 0.83789, 0.99245, 0.86115,
0.78704, 0.54630, 0.67802, 0.70235, 0.90719, 0.95203, 0.91066, 0.78340,
0.87605, 0.79892, 0.45899, 0.74117, 0.84126, 0.89282, 0.78112, 0.99207,
0.81739, 0.96107, 0.78499, 0.48052, 0.48316, 0.50224, 0.74107, 0.83107,
0.79551, 0.89426, 0.90406, 0.99675, 0.87703, 0.71104, 0.96975, 0.84048,
0.83406, 0.89639, 0.75787, 0.97301, 0.84858, 0.59624, 0.38608, 0.71797,
0.79939, 0.83602, 0.84074, 0.95587, 0.86310, 0.75421, 0.80624, 0.70717,
0.71515, 0.72910, 0.83704, 0.84959, 0.91014, 0.86605, 0.74392, 0.80034,
0.86201, 0.82840, 0.92234, 0.87513, 0.80313, 0.78785, 0.60708, 0.64497,
0.65743, 0.85601, 0.73735, 0.80752, 0.85504, 0.91574, 0.84700, 0.76704,
0.36646, 0.49270, 0.62404, 0.64277, 0.87444, 0.93701, 0.81276, 0.94151,
0.87906, 0.71664, 0.85541, 0.97402, 0.82640, 0.79873, 0.97401, 0.77351,
0.89680, 0.88206, 0.58560, 0.48522, 0.51509, 0.73659, 0.96405, 0.99706,
0.89453, 0.94246, 0.92802, 0.98670, 0.88775, 0.75607, 0.84579, 0.82347,
0.97900, 0.84380, 0.98767, 0.88600, 0.86991, 0.92404, 0.81511, 0.96725,
0.84047, 0.86609, 0.75134, 0.96863, 0.72007, 0.87985, 0.91627, 0.99206,
0.89745, 0.95653, 0.94201, 0.83838, 0.76443, 0.55803, 0.45765, 0.40813,
0.65600, 0.87542, 0.73485, 0.88103, 0.77145, 0.88891, 0.70700, 0.99688,
0.84095, 0.78008, 0.98046, 0.83275, 0.87504, 0.85685, 0.86152, 0.67500,
0.45840, 0.45663, 0.86909, 0.78381, 0.96872, 0.87006, 0.86975, 0.87899,
0.87300, 0.87685, 0.89047, 0.82603, 0.90482, 0.89179, 0.85906, 0.89554,
0.80771, 0.71207, 0.61392, 0.83174, 0.89914, 0.63715, 0.65014, 0.72209,
0.71246, 0.71628, 0.88417, 0.94514, 0.85437, 0.71200, 0.96275, 0.77871,
0.99101, 0.86946, 0.76386, 0.78618, 0.71712, 0.93053, 0.87402, 0.87573,
0.97337, 0.88909, 0.76671, 0.99526, 0.95003, 0.78486, 0.99538, 0.88300,
0.93246, 0.95289, 0.92417, 0.85427, 0.75760, 0.87609, 0.85397, 0.75071,
0.78601, 0.83299, 0.91697, 0.95304, 0.76472, 0.86766, 0.98309, 0.91349,
0.87273, 0.72406, 0.84234, 0.90628, 0.73203, 0.56248, 0.45146, 0.30916,
0.27225, 0.45922, 0.35302, 0.21753, 0.21146, 0.46200, 0.53287, 0.72338,
0.84814, 0.81229, 0.81445, 0.98217, 0.96423, 0.73065, 0.90903, 0.83798,
0.71115, 0.65400, 0.64689, 0.73295, 0.69413, 0.72109, 0.74824, 0.85219,
0.88208, 0.96308, 0.81304, 0.87944, 0.92304, 0.80705, 0.98236, 0.87207,
0.84706, 0.91787, 0.79979, 0.60905, 0.74138, 0.74784, 0.72900, 0.80585,
0.89486, 0.83419, 0.74813, 0.91756, 0.86102, 0.89090, 0.78695, 0.82909,
0.85395, 0.71533, 0.53313, 0.37629, 0.32271, 0.27718, 0.36906, 0.36971,
0.40707, 0.47493, 0.31879, 0.52100, 0.87237, 0.99262, 0.91018, 0.91028,
0.79592, 0.87306, 0.93146, 0.81559, 0.55101, 0.54769, 0.37121, 0.40609,
0.30952, 0.34825, 0.33700, 0.50678, 0.77842, 0.63918, 0.99307, 0.81428,
0.77319, 0.85606, 0.84767, 0.90302, 0.84631, 0.75118, 0.52417, 0.33228,
0.44201, 0.44819, 0.43603, 0.32083, 0.57507, 0.66556, 0.69616, 0.71200,
0.93450, 0.75843, 0.91006, 0.75642, 0.81888, 0.96019, 0.84424, 0.76697,
0.40909, 0.48559, 0.58803, 0.87304, 0.60967, 0.76426, 0.76709, 0.84787,
0.61274, 0.84311, 0.94407, 0.95068, 0.82707, 0.90449, 0.75599, 0.74005,
0.40450, 0.32112, 0.24806, 0.37277, 0.49707, 0.40803, 0.41085, 0.31482,
0.33102, 0.55964, 0.52629, 0.73511, 0.89703, 0.87825, 0.92902, 0.96598,
0.92220, 0.76602, 0.32262, 0.30276, 0.47217, 0.27600, 0.38773, 0.37914,
0.34228, 0.29427, 0.31306, 0.39791, 0.40565, 0.66715, 0.93102, 0.97265,
0.86504, 0.90330, 0.88092, 0.70700, 0.54659, 0.40046, 0.51503, 0.64243,
0.77920, 0.93202, 0.94598, 0.82832, 0.99918, 0.85111, 0.96343, 0.75406,
0.99368, 0.88385, 0.87309, 0.69293, 0.51007, 0.58808, 0.68358, 0.73487,
0.71518, 0.65428, 0.84452, 0.84006, 0.73883, 0.53310, 0.41316, 0.35410,
0.55326, 0.72003, 0.83266, 0.85124, 0.79008, 0.58638, 0.48213, 0.51901,
0.48774, 0.53254, 0.68604, 0.75798, 0.83328, 0.74504, 0.51770, 0.67554,
0.54602, 0.49076, 0.53761, 0.82000, 0.82469, 0.70080, 0.85708, 0.80972,
0.77821, 0.41101, 0.46345, 0.60443, 0.96617, 0.90426, 0.86943, 0.77008,
0.85864, 0.85834, 0.95917, 0.81904, 0.83121, 0.73608, 0.71665, 0.64490,
0.43804, 0.32478, 0.72132, 0.72607, 0.75962, 0.94402, 0.96916, 0.88006,
0.74552, 0.93307, 0.76632, 0.76637, 0.58603, 0.42172, 0.64646, 0.88008,
0.82672, 0.70975, 0.42810, 0.51509, 0.79428, 0.64208, 0.74581, 0.79565,
0.97102, 0.82538, 0.72589, 0.72507, 0.85581, 0.71046, 0.67605, 0.45397,
0.45118, 0.79204, 0.82994, 0.91678, 0.93406, 0.78383, 0.34964, 0.38712,
0.63623, 0.83783, 0.86203, 0.99487, 0.99430, 0.92300, 0.87964, 0.99873,
0.71609, 0.95284, 0.74000, 0.79713, 0.56429, 0.30540, 0.66703, 0.77534,
0.97489, 0.93506, 0.92845, 0.72333, 0.91409, 0.95660, 0.82301, 0.76415,
0.99209, 0.62463, 0.48811, 0.42626, 0.64265, 0.74601, 0.55981, 0.41775,
0.72012, 0.91919, 0.82285, 0.85002, 0.95185, 0.85257, 0.97006, 0.82953,
0.82779, 0.89608, 0.91530, 0.71674, 0.59016, 0.49714, 0.70121, 0.72111,
0.71813, 0.84331, 0.83119, 0.46900, 0.50329, 0.57507, 0.57570, 0.77645,
0.80309, 0.99694, 0.94822, 0.84307, 0.77674, 0.77428, 0.81706, 0.76593,
0.71533, 0.66605, 0.68867, 0.66928, 0.90305, 0.91892, 0.87240, 0.91311,
0.80905, 0.80865, 0.81804, 0.70652, 0.95016, 0.86212, 0.85802, 0.73201,
0.31306, 0.72154, 0.87836, 0.59104, 0.60891, 0.85118, 0.82610, 0.87509,
0.92441, 0.82500, 0.81656, 0.77814, 0.94712, 0.83606, 0.83958, 0.80209,
0.92842, 0.73892, 0.43902, 0.66578, 0.79523, 0.80507, 0.99367, 0.99347,
0.74006, 0.80062, 0.87905, 0.77511, 0.92200, 0.80536, 0.86815, 0.77908,
0.83077, 0.76718, 0.71027, 0.85616, 0.97618, 0.81313, 0.54044, 0.65305,
0.81153, 0.93360, 0.97805, 0.99252, 0.83338, 0.84614, 0.72114, 0.99503,
0.82009, 0.90761, 0.97918, 0.93501, 0.76472, 0.50023, 0.79309, 0.68031,
0.70343, 0.65804, 0.84361, 0.82433, 0.83704, 0.95830, 0.91067, 0.83805,
0.91436, 0.80355, 0.91215, 0.94613, 0.93922, 0.98903, 0.79670, 0.69828,
0.60909, 0.91470, 0.74755, 0.97201, 0.94181, 0.97277, 0.71315, 0.85425,
0.69923, 0.68100, 0.61045, 0.68970, 0.87113, 0.77803, 0.89536, 0.95203,
0.83499, 0.74581, 0.93615, 0.91212, 0.80176, 0.97618, 0.99419, 0.86504,
0.79106, 0.85171, 0.70449, 0.92009, 0.88167, 0.98845, 0.76301, 0.99263,
0.75331, 0.80402, 0.84354, 0.91630, 0.75911, 0.72608, 0.89024, 0.86214,
0.99122, 0.96300, 0.77615, 0.87225, 0.95800, 0.97600, 0.98130, 0.77937,
0.93201, 0.79764, 0.89114, 0.97901, 0.88384, 0.81794, 0.99606, 0.76177,
0.92433, 0.62609, 0.73577, 0.47401, 0.40700, 0.31860, 0.27917, 0.43706,
0.40781, 0.50460, 0.60200, 0.81883, 0.98230, 0.76106, 0.94548, 0.88762,
0.86405, 0.74874, 0.99314, 0.91006, 0.69794, 0.65519, 0.72108, 0.77370,
0.72828, 0.95210, 0.75300, 0.81965, 0.68906, 0.62960, 0.68180, 0.87415,
0.85917, 0.96023, 0.73414, 0.87800, 0.70829, 0.78511, 0.61213, 0.55162,
0.89316, 0.70618, 0.71218, 0.85101, 0.97752, 0.85311, 0.70010, 0.55729,
0.73873, 0.85114, 0.88015, 0.74167, 0.92303, 0.63662, 0.42396, 0.32405,
0.27039, 0.21437, 0.59908, 0.55444, 0.42900, 0.30001, 0.31398, 0.45862,
0.57700, 0.73994, 0.98149, 0.87706, 0.86731, 0.74713, 0.87211, 0.85924,
0.85431, 0.57506, 0.38658, 0.61722, 0.71109, 0.84060, 0.99102, 0.74107,
0.52836, 0.45746, 0.36203, 0.76360, 0.89534, 0.86405, 0.99163, 0.96317,
0.77507, 0.89362, 0.73641, 0.53401, 0.59997, 0.68424, 0.80206, 0.85976,
0.75052, 0.86910, 0.63408, 0.52746, 0.59914, 0.61518, 0.75922, 0.74705,
0.92962, 0.73862, 0.46808, 0.37445, 0.52691, 0.54606, 0.77644, 0.69672,
0.61604, 0.68094, 0.54233, 0.45218, 0.57116, 0.47758, 0.46305, 0.80831,
0.99948, 0.87715, 0.87122, 0.92821, 0.84210, 0.74310, 0.72604, 0.41808,
0.27544, 0.47785, 0.61009, 0.70754, 0.67236, 0.49406, 0.49568, 0.53126,
0.99403, 0.89880, 0.86162, 0.80713, 0.95915, 0.95192, 0.99113, 0.89705,
0.66319, 0.40514, 0.23528, 0.51006, 0.67506, 0.60685, 0.54732, 0.47401,
0.43599, 0.76348, 0.85819, 0.80802, 0.96979, 0.75518, 0.48806, 0.49558,
0.53511, 0.71405, 0.75232, 0.98013, 0.93505, 0.99147, 0.89603, 0.86383,
0.88476, 0.75511, 0.55429, 0.45484, 0.58105, 0.72063, 0.95726, 0.96506,
0.86745, 0.74507, 0.85100, 0.93573, 0.69890, 0.43108, 0.28454, 0.33878,
0.41119, 0.31520, 0.40881, 0.75413, 0.84302, 0.86537, 0.90212, 0.83427,
0.98700, 0.99212, 0.89102, 0.71990, 0.74209, 0.81341, 0.61226, 0.50618,
0.37128, 0.39752, 0.28004, 0.45895, 0.56367, 0.50407, 0.79637, 0.95805,
0.89607, 0.82364, 0.45434, 0.41808, 0.72135, 0.87178, 0.74700, 0.96991,
0.80305, 0.99103, 0.98262, 0.88015, 0.94809, 0.93384, 0.80166, 0.67811,
0.67821, 0.44522, 0.66507, 0.90830, 0.82596, 0.75902, 0.91785, 0.81853,
0.85213, 0.89721, 0.70481, 0.46004, 0.14794, 0.30095, 0.28304, 0.56730,
0.85937, 0.83015, 0.92109, 0.80973, 0.89909, 0.79898, 0.81622, 0.73901,
0.84249, 0.86077, 0.87009, 0.70989, 0.56619, 0.55219, 0.23229, 0.31024,
0.38205, 0.77652, 0.89180, 0.95109, 0.93937, 0.85774, 0.97812, 0.34929,
0.50937, 0.72011, 0.77615, 0.85272, 0.98905, 0.84449, 0.97807, 0.88611,
0.70725, 0.94173, 0.98401, 0.82182, 0.74385, 0.71106, 0.46455, 0.65942,
0.74917, 0.89309, 0.70761, 0.97410, 0.84509, 0.98090, 0.89806, 0.59631,
0.39992, 0.47103, 0.43177, 0.28746, 0.34316, 0.52724, 0.85114, 0.81001,
0.88436, 0.93053, 0.97909, 0.96137, 0.76765, 0.87403, 0.95762, 0.84791,
0.73219, 0.53603, 0.45703, 0.24305, 0.27748, 0.37593, 0.42705, 0.50596,
0.83767, 0.87814, 0.81008, 0.87591, 0.57609, 0.72186, 0.77333, 0.88607,
0.96983, 0.86281, 0.99919, 0.99825, 0.93833, 0.85212, 0.70510, 0.93130,
0.97709, 0.74941, 0.71842, 0.62703, 0.77060, 0.78967, 0.74116, 0.77502,
0.81727, 0.75207, 0.71581, 0.64482, 0.48510, 0.47113, 0.77861, 0.71906,
0.50889, 0.35365, 0.45605, 0.76840, 0.85910, 0.95304, 0.86188, 0.84611,
0.77613, 0.75709, 0.91784, 0.93808, 0.81677, 0.43747, 0.42901, 0.49230,
0.58292, 0.63901, 0.57534, 0.42034, 0.43810, 0.77815, 0.91914, 0.72006,
0.94689, 0.90078, 0.80503, 0.95671, 0.99081, 0.89717, 0.88110, 0.92275,
0.70102, 0.70483, 0.83451, 0.91710, 0.85700, 0.76771, 0.91301, 0.78734,
0.74625, 0.98002, 0.92134, 0.84113, 0.91106, 0.75496, 0.71436, 0.63406,
0.54647, 0.52484, 0.60103, 0.86432, 0.78614, 0.69319, 0.51209, 0.41213,
0.34311, 0.73911, 0.96834, 0.72304, 0.93981, 0.90788, 0.92207, 0.96347,
0.77911, 0.51001, 0.59163, 0.41245, 0.66203, 0.79871, 0.74495, 0.74712,
0.53307, 0.45667, 0.43216, 0.87317, 0.99409, 0.73105, 0.83478, 0.78872,
0.90116, 0.73511, 0.54137, 0.65808, 0.88390, 0.95447, 0.95702, 0.99358,
0.89021, 0.83601, 0.66270, 0.52624, 0.86305, 0.73289, 0.98104, 0.89218,
0.76309, 0.87055, 0.92600, 0.99192, 0.73355, 0.54819, 0.87124, 0.79414,
0.96717, 0.94511, 0.95054, 0.86908, 0.64059, 0.64547, 0.81511, 0.76603,
0.85898, 0.99518, 0.81309, 0.90679, 0.91007, 0.74563, 0.65003, 0.79400,
0.70265, 0.94955, 0.91207, 0.80665, 0.89729, 0.75914, 0.50223, 0.57470,
0.75503, 0.94256, 0.91049, 0.99606, 0.79962, 0.80595, 0.77108, 0.66599,
0.45955, 0.64300, 0.89188, 0.72577, 0.85105, 0.80457, 0.64156, 0.46810,
0.58112, 0.83510, 0.96012, 0.87613, 0.77524, 0.78703, 0.91449, 0.82204,
0.95001, 0.93140, 0.90780, 0.75305, 0.81656, 0.75145, 0.82103, 0.80880,
0.89639, 0.77507, 0.72042, 0.90762, 0.83803, 0.79884, 0.78339, 0.70508,
0.89388, 0.84766, 0.99904, 0.88978, 0.82170, 0.83715, 0.88105, 0.74703,
0.76116, 0.89019, 0.89026, 0.79403, 0.87286, 0.89736, 0.72010, 0.70012,
0.85569, 0.86414, 0.93619, 0.96468, 0.71614, 0.47307, 0.32678, 0.39002,
0.72495, 0.56475, 0.64301, 0.42891, 0.40117, 0.68600, 0.75549, 0.84193,
0.94101, 0.76963, 0.84317, 0.89618, 0.74001, 0.70559, 0.61907, 0.72172,
0.63499, 0.63009, 0.79557, 0.69071, 0.74718, 0.73013, 0.75970, 0.74404,
0.60999, 0.76477, 0.87404, 0.84895, 0.70439, 0.74701, 0.67574, 0.73420,
0.68717, 0.71111, 0.70580, 0.67108, 0.84174, 0.78759, 0.81814, 0.63024,
0.72117, 0.68802, 0.70198, 0.82646, 0.79605, 0.91053, 0.93707, 0.89214,
0.70101, 0.81348, 0.89517, 0.33929, 0.39020, 0.43713, 0.41200, 0.25398,
0.51505, 0.71489, 0.84995, 0.90808, 0.80791, 0.95350, 0.63616, 0.43102,
0.26705, 0.23515, 0.31616, 0.37966, 0.20209, 0.48893, 0.35872, 0.38306,
0.32777, 0.44362, 0.43506, 0.49052, 0.49194, 0.37105, 0.39966, 0.63795,
0.61203, 0.40645, 0.30882, 0.38704, 0.33072, 0.37886, 0.49900, 0.46656,
0.35780, 0.24403, 0.33195, 0.32333, 0.28004, 0.41676, 0.42197, 0.36007,
0.49334, 0.52335, 0.89009, 0.82174, 0.90468, 0.81308, 0.96649, 0.94486,
0.66605, 0.56644, 0.33148, 0.32006, 0.24166, 0.65024, 0.73605, 0.87365,
0.74803, 0.89600, 0.91968, 0.61837, 0.30413, 0.30605, 0.32096, 0.56818,
0.39501, 0.46881, 0.48003, 0.38859, 0.47594, 0.36314, 0.32701, 0.43784,
0.55705, 0.42069, 0.40256, 0.22413, 0.51404, 0.70882, 0.39403, 0.32662,
0.48719, 0.54308, 0.43676, 0.56820, 0.31303, 0.52592, 0.47624, 0.51118,
0.46610, 0.31861, 0.40418, 0.57916, 0.45595, 0.41318, 0.58504, 0.84915,
0.77908, 0.93975, 0.80025, 0.97407, 0.65489, 0.66802, 0.49101, 0.21563,
0.23162, 0.38007, 0.34778, 0.52186, 0.79605, 0.94169, 0.98403, 0.92305,
0.66698, 0.31164, 0.50200, 0.80643, 0.85479, 0.74518, 0.88920, 0.88962,
0.75813, 0.87322, 0.85297, 0.86816, 0.72017, 0.65093, 0.87100, 0.74296,
0.54527, 0.42900, 0.76570, 0.27829, 0.67405, 0.62597, 0.74703, 0.79712,
0.86122, 0.77993, 0.83516, 0.87403, 0.85343, 0.76710, 0.64218, 0.77205,
0.87108, 0.77158, 0.46444, 0.62713, 0.99824, 0.90404, 0.85716, 0.82605,
0.63706, 0.40512, 0.45906, 0.59314, 0.58717, 0.79725, 0.47057, 0.34905,
0.48294, 0.64336, 0.99500, 0.85435, 0.88676, 0.68107, 0.48349, 0.65463,
0.72319, 0.99100, 0.85205, 0.75407, 0.71935, 0.85215, 0.76709, 0.77341,
0.78449, 0.75700, 0.81235, 0.92769, 0.68907, 0.54464, 0.46666, 0.78106,
0.39438, 0.51337, 0.97000, 0.86687, 0.83487, 0.92609, 0.99782, 0.86631,
0.92212, 0.85809, 0.84632, 0.90003, 0.94247, 0.74600, 0.89105, 0.38545,
0.68426, 0.97710, 0.80210, 0.98762, 0.83101, 0.65430, 0.59566, 0.60106,
0.52463, 0.86329, 0.89806, 0.71284, 0.63318, 0.31002, 0.57981, 0.69884,
0.81707, 0.86135, 0.73817, 0.46208, 0.71778, 0.89000, 0.83414, 0.84914,
0.99955, 0.91704, 0.84337, 0.98724, 0.81205, 0.83989, 0.84122, 0.77203,
0.97481, 0.75830, 0.46510, 0.66405, 0.68285, 0.43519, 0.62922, 0.72266,
0.87605, 0.92198, 0.95881, 0.70209, 0.97554, 0.88019, 0.77903, 0.92296,
0.74068, 0.97412, 0.73604, 0.80732, 0.42509, 0.52863, 0.88979, 0.88509,
0.89976, 0.77363, 0.73805, 0.50044, 0.73435, 0.80104, 0.81541, 0.88288,
0.94919, 0.70628, 0.78744, 0.61607, 0.72841, 0.72133, 0.92008, 0.82444,
0.58220, 0.72518, 0.89602, 0.90597, 0.90414, 0.82219, 0.98733, 0.76216,
0.93923, 0.83482, 0.81600, 0.70256, 0.84609, 0.83806, 0.91256, 0.68867,
0.78900, 0.84579, 0.58925, 0.62817, 0.81325, 0.77605, 0.72808, 0.87291,
0.85608, 0.87311, 0.86919, 0.97047, 0.89611, 0.91527, 0.82561, 0.86517,
0.61918, 0.55763, 0.68604, 0.88177, 0.84459, 0.74915, 0.75312, 0.91462,
0.87314, 0.95601, 0.77138, 0.89705, 0.92249, 0.91497, 0.74311, 0.76812,
0.86160, 0.79411, 0.96715, 0.96389, 0.70207, 0.86995, 0.81634, 0.84905,
0.73895, 0.57166, 0.52806, 0.84057, 0.72394, 0.98408, 0.87361, 0.95832,
0.71809, 0.90452, 0.76548, 0.73000, 0.85589, 0.86832, 0.77203, 0.84248,
0.85948, 0.88404, 0.88277, 0.70747, 0.44806, 0.60574, 0.77103, 0.90012,
0.88924, 0.84584, 0.95808, 0.99694, 0.95167, 0.75008, 0.74247, 0.62220,
0.75817, 0.88614, 0.64047, 0.70102, 0.85768, 0.83969, 0.74109, 0.76437,
0.83008, 0.77907, 0.71274, 0.81035, 0.72109, 0.66337, 0.71684, 0.69917,
0.74329, 0.95752, 0.88407, 0.83069, 0.92564, 0.78000, 0.62238, 0.45643,
0.83114, 0.95108, 0.82747, 0.88505, 0.87956, 0.77318, 0.78805, 0.91958,
0.87617, 0.91019, 0.82110, 0.82831, 0.87400, 0.93040, 0.97051, 0.84906,
0.61576, 0.65266, 0.79606, 0.75164, 0.99357, 0.84708, 0.74595, 0.96288,
0.98807, 0.92535, 0.83393, 0.71509, 0.74545, 0.36781, 0.39908, 0.23966,
0.31356, 0.35905, 0.48536, 0.47943, 0.29705, 0.31440, 0.30238, 0.21305,
0.44339, 0.39375, 0.37019, 0.28927, 0.36912, 0.58817, 0.86505, 0.72781,
0.75504, 0.81293, 0.81612, 0.67517, 0.38707, 0.60014, 0.74105, 0.72989,
0.75892, 0.95319, 0.89726, 0.87350, 0.98303, 0.84040, 0.94059, 0.77703,
0.74744, 0.74651, 0.86107, 0.86156, 0.95938, 0.54003, 0.59664, 0.74773,
0.76704, 0.93635, 0.97487, 0.72503, 0.86599, 0.73550, 0.82004, 0.85468,
0.90131, 0.73906, 0.30072, 0.45252, 0.34104, 0.35443, 0.36160, 0.43108,
0.31445, 0.48033, 0.47403, 0.42558, 0.47317, 0.32803, 0.40499, 0.38549,
0.34405, 0.46152, 0.59842, 0.77500, 0.50045, 0.44080, 0.71715, 0.74821,
0.50927, 0.39213, 0.48419, 0.57918, 0.41819, 0.42729, 0.54787, 0.52903,
0.62275, 0.55851, 0.86013, 0.93109, 0.75041, 0.61316, 0.51917, 0.56805,
0.67306, 0.88182, 0.68700, 0.42105, 0.46854, 0.60079, 0.46210, 0.63819,
0.65439, 0.61815, 0.55013, 0.61432, 0.94814, 0.79217, 0.72876, 0.18103,
0.53491, 0.65026, 0.85705, 0.66189, 0.88956, 0.75508, 0.88191, 0.81214,
0.77401, 0.83094, 0.80179, 0.77208, 0.70284, 0.65320, 0.43208, 0.46060,
0.65342, 0.37111, 0.58816, 0.63001, 0.82302, 0.73045, 0.26701, 0.26818,
0.31814, 0.34224, 0.44101, 0.46535, 0.23388, 0.37505, 0.54733, 0.62918,
0.92601, 0.93054, 0.63282, 0.54803, 0.49669, 0.63145, 0.61107, 0.65391,
0.40920, 0.22100, 0.32270, 0.39660, 0.47909, 0.44730, 0.47854, 0.47503,
0.36992, 0.88307, 0.93417, 0.94124, 0.34173, 0.56408, 0.87362, 0.88009,
0.80607, 0.90362, 0.84403, 0.76608, 0.88766, 0.82417, 0.72206, 0.88663,
0.97009, 0.75401, 0.79742, 0.56191, 0.51204, 0.85275, 0.73387, 0.64200,
0.76692, 0.77419, 0.61909, 0.77237, 0.74534, 0.64401, 0.68742, 0.56310,
0.70804, 0.55767, 0.51400, 0.79804, 0.83260, 0.94024, 0.95809, 0.80754,
0.60340, 0.60605, 0.88569, 0.92609, 0.86415, 0.67723, 0.65932, 0.55716,
0.53729, 0.54503, 0.66101, 0.52042, 0.69031, 0.52902, 0.70636, 0.88834,
0.99804, 0.28439, 0.67407, 0.95200, 0.90781, 0.89252, 0.70606, 0.74155,
0.86654, 0.75409, 0.87397, 0.79538, 0.96403, 0.88459, 0.83813, 0.86807,
0.58994, 0.61693, 0.81011, 0.93602, 0.86270, 0.81215, 0.91304, 0.72208,
0.93801, 0.96649, 0.95598, 0.77405, 0.96343, 0.90056, 0.70600, 0.75094,
0.73072, 0.91913, 0.94514, 0.72525, 0.86202, 0.70751, 0.89431, 0.85300,
0.88385, 0.86895, 0.81307, 0.78454, 0.79582, 0.72909, 0.87957, 0.89858,
0.85416, 0.82207, 0.84711, 0.97108, 0.76897, 0.80579, 0.49105, 0.61250,
0.72338, 0.95600, 0.86246, 0.66404, 0.72900, 0.89279, 0.93159, 0.95902,
0.90980, 0.86574, 0.71107, 0.74462, 0.74320, 0.76916, 0.64921, 0.79187,
0.94614, 0.79606, 0.93455, 0.89403, 0.95590, 0.90254, 0.84011, 0.90717,
0.76460, 0.88205, 0.87060, 0.94735, 0.90318, 0.79711, 0.96525, 0.87812,
0.99809, 0.86428, 0.86617, 0.85505, 0.95846, 0.78910, 0.88525, 0.77285,
0.91006, 0.94351, 0.83315, 0.78003, 0.82758, 0.93127, 0.91304, 0.94475,
0.99659, 0.93802, 0.87853, 0.76000, 0.77913, 0.94606, 0.85989, 0.77801,
0.64776, 0.84924, 0.94909, 0.99157, 0.81186, 0.89901, 0.83571, 0.90381,
0.89808, 0.83544, 0.89624, 0.79509, 0.81655, 0.88468, 0.82503, 0.82186,
0.95150, 0.72004, 0.87662, 0.91092, 0.99510, 0.73901, 0.43683, 0.76606,
0.96695, 0.83657, 0.70403, 0.84273, 0.92163, 0.82806, 0.90360, 0.93458,
0.74116, 0.77412, 0.91391, 0.86707, 0.94964, 0.78028, 0.91516, 0.68627,
0.64287, 0.88319, 0.83300, 0.83636, 0.99617, 0.89711, 0.91692, 0.81219,
0.81700, 0.98901, 0.88618, 0.78719, 0.79490, 0.61904, 0.63230, 0.90589,
0.88708, 0.91375, 0.94473, 0.95000, 0.89766, 0.99657, 0.82000, 0.71343,
0.83582, 0.93218, 0.76909, 0.85002, 0.85504, 0.92695, 0.84080, 0.75214,
0.82828, 0.79883, 0.68904, 0.36053, 0.74478, 0.89007, 0.90695, 0.89694,
0.93900, 0.94842, 0.85126, 0.78917, 0.84314, 0.85564, 0.90300, 0.92468,
0.93171, 0.81703, 0.87140, 0.80316, 0.65215, 0.30119, 0.75536, 0.84000,
0.86886, 0.73073, 0.84612, 0.85105, 0.96056, 0.80206, 0.77171, 0.89352,
0.74106, 0.56763, 0.51551, 0.63716, 0.64315, 0.75132, 0.71216, 0.75712,
0.72790, 0.72011, 0.85407, 0.90405, 0.93216, 0.96908, 0.99755, 0.85306,
0.93138, 0.87534, 0.71913, 0.82416, 0.93203, 0.95009, 0.92142, 0.62742,
0.31317, 0.82500, 0.90504, 0.94317, 0.99822, 0.95790, 0.81702, 0.96870,
0.98989, 0.81402, 0.95065, 0.76378, 0.85418, 0.81822, 0.81394, 0.78904,
0.71887, 0.58812, 0.49116, 0.72024, 0.97210, 0.78714, 0.85408, 0.92917,
0.80500, 0.93747, 0.46275, 0.43010, 0.72124, 0.66670, 0.58306, 0.52741,
0.39451, 0.55306, 0.54460, 0.53433, 0.68802, 0.47997, 0.53980, 0.55209,
0.88742, 0.98757, 0.87114, 0.93516, 0.77599, 0.72711, 0.78607, 0.93361,
0.82411, 0.60715, 0.88581, 0.72000, 0.49239, 0.36242, 0.52108, 0.60946,
0.80610, 0.82209, 0.95597, 0.82094, 0.97603, 0.95258, 0.82981, 0.82004,
0.93676, 0.81954, 0.83500, 0.83163, 0.73945, 0.73018, 0.45412, 0.31295,
0.69408, 0.77438, 0.67118, 0.76706, 0.78380, 0.93043, 0.91104, 0.20866,
0.33041, 0.75701, 0.78457, 0.66488, 0.43412, 0.26227, 0.32395, 0.45402,
0.26476, 0.25845, 0.42318, 0.47814, 0.58025, 0.75705, 0.87162, 0.96958,
0.86009, 0.89770, 0.96705, 0.95716, 0.85917, 0.74740, 0.46117, 0.47314,
0.33350, 0.45705, 0.37764, 0.39035, 0.32409, 0.36155, 0.68325, 0.79505,
0.96531, 0.71074, 0.93901, 0.85368, 0.74124, 0.88303, 0.99382, 0.69216,
0.53709, 0.33443, 0.30637, 0.29004, 0.26937, 0.28065, 0.46805, 0.31276,
0.68253, 0.73910, 0.79627, 0.93094, 0.66608, 0.64555, 0.82141, 0.72504,
0.74864, 0.73527, 0.52302, 0.55685, 0.57778, 0.75007, 0.69669, 0.72120,
0.79606, 0.71266, 0.94712, 0.80115, 0.87428, 0.88936, 0.82300, 0.82061,
0.91233, 0.85613, 0.86101, 0.64104, 0.55705, 0.51673, 0.40338, 0.31410,
0.67814, 0.57391, 0.66809, 0.62081, 0.89114, 0.89007, 0.84631, 0.93884,
0.84519, 0.98711, 0.89878, 0.85604, 0.82067, 0.76863, 0.58405, 0.75066,
0.48151, 0.46813, 0.68824, 0.64651, 0.72402, 0.78551, 0.91917, 0.91706,
0.98396, 0.79638, 0.73202, 0.87163, 0.74677, 0.80208, 0.82694, 0.75802,
0.89805, 0.89057, 0.85797, 0.90205, 0.97193, 0.84924, 0.82103, 0.76052,
0.78155, 0.92011, 0.86526, 0.81072, 0.94604, 0.83071, 0.70593, 0.84206,
0.84840, 0.97928, 0.81203, 0.54476, 0.35323, 0.79006, 0.76636, 0.89553,
0.74009, 0.71762, 0.74017, 0.78018, 0.92908, 0.94169, 0.90407, 0.80095,
0.82450, 0.94506, 0.80884, 0.71122, 0.69104, 0.69146, 0.45324, 0.74006,
0.72851, 0.71081, 0.77805, 0.87687, 0.89170, 0.90803, 0.79739, 0.89534,
0.74308, 0.83270, 0.97920, 0.85805, 0.98657, 0.88565, 0.89000, 0.84344,
0.85815, 0.94104, 0.98495, 0.80835, 0.99400, 0.91234, 0.88219, 0.95517,
0.89619, 0.89295, 0.87314, 0.88507, 0.95398, 0.92710, 0.87907, 0.76849,
0.75109, 0.40255, 0.68861, 0.91012, 0.89620, 0.82165, 0.80313, 0.95111,
0.89111, 0.79300, 0.90185, 0.75136, 0.90409, 0.88161, 0.97750, 0.81000,
0.80795, 0.77209, 0.73201, 0.38788, 0.75952, 0.95509, 0.95177, 0.83294,
0.87002, 0.80848, 0.99172, 0.44807, 0.60749, 0.87449, 0.78719, 0.72115,
0.90777, 0.88501, 0.84389, 0.94576, 0.84311, 0.76123, 0.79231, 0.72614,
0.77613, 0.70234, 0.69316, 0.54021, 0.82234, 0.97902, 0.97644, 0.98419,
0.86402, 0.91077, 0.95180, 0.88505, 0.97498, 0.72601, 0.60717, 0.75615,
0.92618, 0.83902, 0.96131, 0.87524, 0.77513, 0.87814, 0.99288, 0.90802,
0.80092, 0.99029, 0.79005, 0.80647, 0.88054, 0.83400, 0.97657, 0.56551,
0.52809, 0.71846, 0.80307, 0.79406, 0.78162, 0.87645, 0.80406, 0.87298,
0.26232, 0.51201, 0.96851, 0.81000, 0.86613, 0.79914, 0.84148, 0.93809,
0.80459, 0.92001, 0.82410, 0.77711, 0.86545, 0.98204, 0.80952, 0.57201,
0.52710, 0.83907, 0.86031, 0.82308, 0.83454, 0.98575, 0.91400, 0.97754,
0.72184, 0.92115, 0.73703, 0.54651, 0.73605, 0.99877, 0.96761, 0.72103,
0.84848, 0.76533, 0.97906, 0.74555, 0.97516, 0.74304, 0.92439, 0.85755,
0.99904, 0.87997, 0.84246, 0.94203, 0.87252, 0.77427, 0.80318, 0.89511,
0.88043, 0.80404, 0.81034, 0.87283, 0.92700, 0.17473, 0.52552, 0.72001,
0.90954, 0.85810, 0.75417, 0.98613, 0.92212, 0.99013, 0.79115, 0.77694,
0.81204, 0.88359, 0.79124, 0.60810, 0.46026, 0.68254, 0.88004, 0.77540,
0.97638, 0.81112, 0.85304, 0.98634, 0.90901, 0.82375, 0.89948, 0.74202,
0.75476, 0.89019, 0.93804, 0.72545, 0.71586, 0.88805, 0.98785, 0.86330,
0.83514, 0.96429, 0.81980, 0.78813, 0.95715, 0.73389, 0.86808, 0.90647,
0.88972, 0.94111, 0.93908, 0.82551, 0.87010, 0.83109, 0.84041, 0.71319,
0.76104, 0.95561, 0.24001, 0.47748, 0.78771, 0.67715, 0.68810, 0.74703,
0.61103, 0.60747, 0.73144, 0.64614, 0.82011, 0.60876, 0.66400, 0.79568,
0.63715, 0.55904, 0.60073, 0.73870, 0.82104, 0.60167, 0.41032, 0.69415,
0.74012, 0.93788, 0.90903, 0.72059, 0.80019, 0.98502, 0.86870, 0.89547,
0.52007, 0.53848, 0.85087, 0.81605, 0.81560, 0.97378, 0.92109, 0.79349,
0.62508, 0.75405, 0.90449, 0.80630, 0.90201, 0.77843, 0.93190, 0.81015,
0.66909, 0.66069, 0.31502, 0.54699, 0.71501, 0.82201, 0.97836, 0.22477,
0.33004, 0.25463, 0.48402, 0.39301, 0.48644, 0.31190, 0.24203, 0.38868,
0.33318, 0.30918, 0.37227, 0.34175, 0.49003, 0.28681, 0.27479, 0.48404,
0.82085, 0.94091, 0.69008, 0.47697, 0.74514, 0.99708, 0.97891, 0.95640,
0.97001, 0.93853, 0.88285, 0.82711, 0.93823, 0.70003, 0.55201, 0.64666,
0.87194, 0.73303, 0.72986, 0.79793, 0.49302, 0.65234, 0.75079, 0.84609,
0.87630, 0.94109, 0.74403, 0.99151, 0.62936, 0.48319, 0.35806, 0.20068,
0.25913, 0.72514, 0.89936, 0.85004, 0.48783, 0.35795, 0.37109, 0.43431,
0.40424, 0.50603, 0.47760, 0.34527, 0.43614, 0.49924, 0.35301, 0.59808,
0.55740, 0.39907, 0.53309, 0.41545, 0.61800, 0.90300, 0.82978, 0.46215,
0.47900, 0.61897, 0.84698, 0.84911, 0.79802, 0.84814, 0.82302, 0.84095,
0.83537, 0.78602, 0.44459, 0.46779, 0.77402, 0.95764, 0.80123, 0.75909,
0.77753, 0.36616, 0.76904, 0.83037, 0.83796, 0.83000, 0.92863, 0.80534,
0.64413, 0.51427, 0.50926, 0.48017, 0.22018, 0.33964, 0.62211, 0.81219,
0.85148, 0.62304, 0.77444, 0.79410, 0.64303, 0.61375, 0.77932, 0.74504,
0.74759, 0.68685, 0.62717, 0.74524, 0.84220, 0.72518, 0.62214, 0.88119,
0.89604, 0.79647, 0.93084, 0.63018, 0.46217, 0.35185, 0.50103, 0.64061,
0.62058, 0.47501, 0.40744, 0.41033, 0.59802, 0.51754, 0.69085, 0.43000,
0.28933, 0.74664, 0.85304, 0.85248, 0.98723, 0.77806, 0.48175, 0.79483,
0.72011, 0.96404, 0.73612, 0.63301, 0.52631, 0.49223, 0.57902, 0.70691,
0.70091, 0.50206, 0.22430, 0.75819, 0.96200, 0.72690, 0.74044, 0.73712,
0.71203, 0.89826, 0.93510, 0.84826, 0.91003, 0.75911, 0.95424, 0.82952,
0.87706, 0.97838, 0.94934, 0.72002, 0.81355, 0.65258, 0.76514, 0.91900,
0.76264, 0.54116, 0.20417, 0.38909, 0.30400, 0.28451, 0.39412, 0.37504,
0.29598, 0.23079, 0.29902, 0.26683, 0.35753, 0.26302, 0.61838, 0.92414,
0.85016, 0.87801, 0.66919, 0.47305, 0.57649, 0.78323, 0.91714, 0.71213,
0.53912, 0.48604, 0.57958, 0.62453, 0.97002, 0.67343, 0.58038, 0.39606,
0.61239, 0.87134, 0.88400, 0.35958, 0.66703, 0.96801, 0.93841, 0.89104,
0.82201, 0.99444, 0.81757, 0.82006, 0.94277, 0.80521, 0.88806, 0.87674,
0.83466, 0.87701, 0.56098, 0.78697, 0.66415, 0.85604, 0.66734, 0.58105,
0.78677, 0.55934, 0.63705, 0.61587, 0.50438, 0.54919, 0.68214, 0.64454,
0.45300, 0.49569, 0.34341, 0.69408, 0.89981, 0.91237, 0.83001, 0.71587,
0.56540, 0.39301, 0.32236, 0.48535, 0.43908, 0.38664, 0.41023, 0.65907,
0.94659, 0.95608, 0.82909, 0.35842, 0.30827, 0.77411, 0.77900, 0.71488,
0.47010, 0.54328, 0.70854, 0.78302, 0.86361, 0.82837, 0.86008, 0.83647,
0.91315, 0.97301, 0.98836, 0.88283, 0.93806, 0.72559, 0.73752, 0.47904,
0.56155, 0.72800, 0.70405, 0.85263, 0.99719, 0.77407, 0.76365, 0.94436,
0.99605, 0.93288, 0.82818, 0.81410, 0.90217, 0.67268, 0.61715, 0.32605,
0.67098, 0.93908, 0.98844, 0.98497, 0.82812, 0.72719, 0.57482, 0.21809,
0.34880, 0.35701, 0.50006, 0.66299, 0.80260, 0.85407, 0.87199, 0.85325,
0.53109, 0.46865, 0.76291, 0.84908, 0.71783, 0.61277, 0.55410, 0.68409,
0.75784, 0.88218, 0.90415, 0.74875, 0.97700, 0.92360, 0.85725, 0.71717,
0.89218, 0.73495, 0.58501, 0.51541, 0.52322, 0.63904, 0.71671, 0.91510,
0.83401, 0.97854, 0.99954, 0.87609, 0.78193, 0.88615, 0.80203, 0.83481,
0.78203, 0.84403, 0.78332, 0.74699, 0.56603, 0.82441, 0.73649, 0.83008,
0.75342, 0.85086, 0.74702, 0.86448, 0.79625, 0.63616, 0.84622, 0.93862,
0.74012, 0.81903, 0.91103, 0.91808, 0.99985, 0.64022, 0.67302, 0.99498,
0.90672, 0.93607, 0.80750, 0.40839, 0.43405, 0.50151, 0.69522, 0.88512,
0.85516, 0.77770, 0.80406, 0.71575, 0.82827, 0.62203, 0.64192, 0.49877,
0.56301, 0.62864, 0.84639, 0.83900, 0.81961, 0.99580, 0.92419, 0.95925,
0.72770, 0.85303, 0.71647, 0.70411, 0.80406, 0.93398, 0.89392, 0.99506,
0.80979, 0.59567, 0.85218, 0.71005, 0.84980, 0.96508, 0.89369, 0.95966,
0.83805, 0.76453, 0.71502, 0.85605, 0.80331, 0.75555, 0.95119, 0.74818,
0.95541, 0.84504, 0.73194, 0.94713, 0.94806, 0.82258, 0.85614, 0.93402,
0.77652, 0.67562, 0.40806, 0.34378, 0.52063, 0.52303, 0.58498, 0.51873,
0.49205, 0.45439, 0.59379, 0.30104, 0.42468, 0.67252, 0.77518, 0.70117,
0.87151, 0.41901, 0.76331, 0.80604, 0.93308, 0.92584, 0.99101, 0.92700,
0.98687, 0.88247, 0.89505, 0.90931, 0.74702, 0.85002, 0.66576, 0.77583,
0.61103, 0.50374, 0.87398, 0.58710, 0.67502, 0.76858, 0.92404, 0.76272,
0.93436, 0.96114, 0.80417, 0.91079, 0.90704, 0.93249, 0.80259, 0.78807,
0.88763, 0.71293, 0.64200, 0.62266, 0.86515, 0.82108, 0.76348, 0.63656,
0.36203, 0.41232, 0.41844, 0.21800, 0.41980, 0.39291, 0.46707, 0.45874,
0.57998, 0.82504, 0.85367, 0.97420, 0.98809, 0.67693, 0.43153, 0.58104,
0.90093, 0.94885, 0.86718, 0.76319, 0.90061, 0.89005, 0.94098, 0.82269,
0.89201, 0.70898, 0.82633, 0.78802, 0.71585, 0.59116, 0.61012, 0.68202,
0.50405, 0.65109, 0.72861, 0.86243, 0.97610, 0.91328, 0.84766, 0.71216,
0.93622, 0.73857, 0.92714, 0.84418, 0.81897, 0.98300, 0.88149, 0.44804,
0.48818, 0.96615, 0.97482, 0.77406, 0.89554, 0.84731, 0.78104, 0.75360,
0.67423, 0.57106, 0.47042, 0.64908, 0.89002, 0.86056, 0.86040, 0.84508,
0.97169, 0.92435, 0.80900, 0.58194, 0.52370, 0.88006, 0.78332, 0.83479,
0.77209, 0.74999, 0.89109, 0.81301, 0.95895, 0.90672, 0.96906, 0.88396,
0.89409, 0.83203, 0.58831, 0.63006, 0.62413, 0.47210, 0.72463, 0.95917,
0.88816, 0.74878, 0.96616, 0.95108, 0.89444, 0.90004, 0.99232, 0.72682,
0.84107, 0.91958, 0.87594, 0.79218, 0.55417, 0.44465, 0.82205, 0.71171,
0.80109, 0.71802, 0.99439, 0.71634, 0.70511, 0.83006, 0.71624, 0.79007,
0.79064, 0.79998, 0.73304, 0.82975, 0.80079, 0.87503, 0.78849, 0.75346,
0.46510, 0.51220, 0.65007, 0.88708, 0.68385, 0.77797, 0.64905, 0.87882,
0.66906, 0.62008, 0.67958, 0.77995, 0.85312, 0.66417, 0.67206, 0.46800,
0.57633, 0.60897, 0.32100, 0.68088, 0.77916, 0.62404, 0.64586, 0.72241,
0.69514, 0.75227, 0.75526, 0.80109, 0.78190, 0.75248, 0.64114, 0.60616,
0.52499, 0.50415, 0.41021, 0.63836, 0.67708, 0.83862, 0.78709, 0.65900,
0.70045, 0.66790, 0.85900, 0.60373, 0.68649, 0.67709, 0.71946, 0.79458,
0.68710, 0.71219, 0.63581, 0.82213, 0.74103, 0.27131, 0.28109, 0.46633,
0.24066, 0.26000, 0.40874, 0.48236, 0.45400, 0.37889, 0.25353, 0.25302,
0.49052, 0.32887, 0.41400, 0.27991, 0.21406, 0.40904, 0.65876, 0.46139,
0.25014, 0.40105, 0.35772, 0.48010, 0.37302, 0.30687, 0.33814, 0.21418,
0.42916, 0.28312, 0.33822, 0.36123, 0.22404, 0.25942, 0.32372, 0.40602,
0.41861, 0.29798, 0.20201, 0.42469, 0.38733, 0.39119, 0.33028, 0.44176,
0.25317, 0.39512, 0.22436, 0.36505, 0.23268, 0.41935, 0.36301, 0.41237,
0.50126, 0.79307, 0.46962, 0.31177, 0.42108, 0.45866, 0.58266, 0.55809,
0.48569, 0.37384, 0.40215, 0.39824, 0.42300, 0.42315, 0.32226, 0.57794,
0.37708, 0.46478, 0.77850, 0.74405, 0.41642, 0.59020, 0.44906, 0.35059,
0.58093, 0.55210, 0.34319, 0.39618, 0.41300, 0.42442, 0.59338, 0.40302,
0.59176, 0.37095, 0.36601, 0.57573, 0.44934, 0.20014, 0.42015, 0.35420,
0.42908, 0.52387, 0.50985, 0.36219, 0.57213, 0.56563, 0.37407, 0.31035,
0.46435, 0.59308, 0.30159, 0.30716, 0.31309, 0.61480, 0.78747, 0.74800,
0.65746, 0.78066, 0.72308, 0.72531, 0.71349, 0.88000, 0.72194, 0.89233,
0.71707, 0.82535, 0.60089, 0.78409, 0.72980, 0.70183, 0.89205, 0.86369,
0.82097, 0.75800, 0.78448, 0.78468, 0.77219, 0.62204, 0.78526, 0.77900,
0.72053, 0.83405, 0.66219, 0.88016, 0.74573, 0.84202, 0.69988, 0.78245,
0.86903, 0.71960, 0.34346, 0.59719, 0.87423, 0.71046, 0.72404, 0.70141,
0.74680, 0.66411, 0.70215, 0.86826, 0.81715, 0.74010, 0.62960, 0.78003,
0.66038, 0.45615, 0.69700, 0.83237, 0.68277, 0.83809, 0.84485, 0.94352,
0.87413, 0.94701, 0.83375, 0.84900, 0.90389, 0.71531, 0.95408, 0.83853,
0.73868, 0.92714, 0.90900, 0.69578, 0.73116, 0.99705, 0.82555, 0.77513,
0.80912, 0.84988, 0.86519, 0.97605, 0.98603, 0.88005, 0.99266, 0.92608,
0.89403, 0.83168, 0.80745, 0.79707, 0.93068, 0.85783, 0.75911, 0.32506,
0.63832, 0.80804, 0.83172, 0.88846, 0.91901, 0.94285, 0.74192, 0.84100,
0.86875, 0.96423, 0.81100, 0.97491, 0.85824, 0.76000, 0.59183, 0.61753,
0.65204, 0.63570, 0.55922, 0.85804, 0.99095, 0.80347, 0.91304, 0.81463,
0.84419, 0.92107, 0.87030, 0.97583, 0.96606, 0.77181, 0.87272, 0.81718,
0.45521, 0.76470, 0.76307, 0.52939, 0.66683, 0.71117, 0.82903, 0.75556,
0.94703, 0.83553, 0.88596, 0.93203, 0.74082, 0.84728, 0.92508, 0.81853,
0.82151, 0.64406, 0.44177, 0.55812, 0.24706, 0.77370, 0.79113, 0.81805,
0.88764, 0.93470, 0.87304, 0.93142, 0.92932, 0.81006, 0.81476, 0.74688,
0.95406, 0.93537, 0.76917, 0.50006, 0.62359, 0.63981, 0.46406, 0.54795,
0.75461, 0.89801, 0.79485, 0.86963, 0.83317, 0.90707, 0.91039, 0.92305,
0.80531, 0.84166, 0.89916, 0.77026, 0.59067, 0.38103, 0.70557, 0.73304,
0.54509, 0.50030, 0.80186, 0.80201, 0.75049, 0.84521, 0.91207, 0.97974,
0.81189, 0.88804, 0.99196, 0.70771, 0.99104, 0.82350, 0.54934, 0.53816,
0.59324, 0.37874, 0.67601, 0.80849, 0.79808, 0.92312, 0.84719, 0.98835,
0.83903, 0.98249, 0.90719, 0.89106, 0.74188, 0.90001, 0.90315, 0.98118,
0.78071, 0.74208, 0.74378, 0.57174, 0.35119, 0.44215, 0.71322, 0.97301,
0.91794, 0.82402, 0.78405, 0.96692, 0.98235, 0.97211, 0.80325, 0.78702,
0.79201, 0.50277, 0.37527, 0.84607, 0.88398, 0.68463, 0.53416, 0.57200,
0.62565, 0.71203, 0.97759, 0.72427, 0.92203, 0.93147, 0.95139, 0.80104,
0.92646, 0.85006, 0.68503, 0.51399, 0.59961, 0.65507, 0.78348, 0.74359,
0.81712, 0.93222, 0.89304, 0.73403, 0.91861, 0.85359, 0.86905, 0.87593,
0.96779, 0.89107, 0.88779, 0.70286, 0.94409, 0.70343, 0.75401, 0.90001,
0.83881, 0.62372, 0.52619, 0.45808, 0.60974, 0.74517, 0.71714, 0.75370,
0.88209, 0.83183, 0.73067, 0.72612, 0.61823, 0.35431, 0.58801, 0.51048,
0.72813, 0.95106, 0.84486, 0.44137, 0.57503, 0.68778, 0.64919, 0.72805,
0.80969, 0.78949, 0.90512, 0.76400, 0.78395, 0.74704, 0.66730, 0.43947,
0.57708, 0.78283, 0.71865, 0.73615, 0.87504, 0.84211, 0.78107, 0.60968,
0.70661, 0.78905, 0.84972, 0.99548, 0.80115, 0.71427, 0.95726, 0.86612,
0.74527, 0.89713, 0.81407, 0.94172, 0.82226, 0.84009, 0.72244, 0.67665,
0.47701, 0.38094, 0.32690, 0.44502, 0.64689, 0.79372, 0.47517, 0.62321,
0.45624, 0.46804, 0.55756, 0.57187, 0.70517, 0.80621, 0.98233, 0.90101,
0.78678, 0.49060, 0.41010, 0.54905, 0.50620, 0.46405, 0.61641, 0.54870,
0.67917, 0.52116, 0.33157, 0.39506, 0.39941, 0.51643, 0.84409, 0.88657,
0.71484, 0.55914, 0.57218, 0.46721, 0.48700, 0.56932, 0.50408, 0.67106,
0.82993, 0.85508, 0.99503, 0.73558, 0.67310, 0.55014, 0.86106, 0.97712,
0.83307, 0.97933, 0.71389, 0.76501, 0.76241, 0.55361, 0.53314, 0.45519,
0.20716, 0.28813, 0.43007, 0.43152, 0.32118, 0.36214, 0.42853, 0.72212,
0.87829, 0.97367, 0.96108, 0.93594, 0.90009, 0.83012, 0.78713, 0.60692,
0.36414, 0.32720, 0.33965, 0.38303, 0.33986, 0.40730, 0.33808, 0.45280,
0.67964, 0.67506, 0.99769, 0.86463, 0.78902, 0.83277, 0.36757, 0.21509,
0.34341, 0.31742, 0.43111, 0.21022, 0.68952, 0.81508, 0.88062, 0.70971,
0.99804, 0.51053, 0.33785, 0.60418, 0.76208, 0.70432, 0.84217, 0.76417,
0.96023, 0.71506, 0.91092, 0.79480, 0.53305, 0.59884, 0.66582, 0.45118,
0.54329, 0.54974, 0.70307, 0.89789, 0.70728, 0.73311, 0.72315, 0.85460,
0.99319, 0.89528, 0.72547, 0.88300, 0.75738, 0.78093, 0.60803, 0.60575,
0.68605, 0.49804, 0.50044, 0.71049, 0.79811, 0.61526, 0.96492, 0.79802,
0.74040, 0.80906, 0.65201, 0.40291, 0.24278, 0.63608, 0.67672, 0.50047,
0.46106, 0.47890, 0.70965, 0.80113, 0.96525, 0.90157, 0.56407, 0.42465,
0.63135, 0.85202, 0.91966, 0.83229, 0.80318, 0.68628, 0.89422, 0.76707,
0.62969, 0.73222, 0.72902, 0.61596, 0.63175, 0.66202, 0.60461, 0.81292,
0.66715, 0.88500, 0.64655, 0.76715, 0.67907, 0.81755, 0.65101, 0.71155,
0.70593, 0.78309, 0.89256, 0.70492, 0.77003, 0.63379, 0.67861, 0.76307,
0.77952, 0.64112, 0.84304, 0.64033, 0.66617, 0.62617, 0.73504, 0.66134,
0.39203, 0.45930, 0.88717, 0.81402, 0.82162, 0.46735, 0.52413, 0.50613,
0.80893, 0.87709, 0.75250, 0.61656, 0.49304, 0.79542, 0.87551, 0.96008,
0.77742, 0.59112, 0.34609, 0.27339, 0.37512, 0.48000, 0.45395, 0.40638,
0.21510, 0.46705, 0.39565, 0.38009, 0.23855, 0.46903, 0.33502, 0.36773,
0.52888, 0.63111, 0.60922, 0.38933, 0.27506, 0.23339, 0.37683, 0.20611,
0.33424, 0.39763, 0.39916, 0.45415, 0.49931, 0.32600, 0.35596, 0.48079,
0.45501, 0.34772, 0.35850, 0.69509, 0.83931, 0.34809, 0.50808, 0.64194,
0.72844, 0.72804, 0.63191, 0.31719, 0.55603, 0.50374, 0.59517, 0.53516,
0.44819, 0.55979, 0.82503, 0.72339, 0.97202, 0.68615, 0.42723, 0.34525,
0.47203, 0.49434, 0.53699, 0.35702, 0.31352, 0.45837, 0.37906, 0.30374,
0.49378, 0.58806, 0.49073, 0.57423, 0.54503, 0.45390, 0.43606, 0.73603,
0.45875, 0.31455, 0.34700, 0.39687, 0.40842, 0.51206, 0.51346, 0.54133,
0.48004, 0.56749, 0.39510, 0.50301, 0.48591, 0.39455, 0.34604, 0.48395,
0.50155, 0.80315, 0.40129, 0.49267, 0.62813, 0.97119, 0.73367, 0.81618,
0.46623, 0.44567, 0.32314, 0.36113, 0.45543, 0.54800, 0.51535, 0.74092,
0.96203, 0.94259, 0.73172, 0.43100, 0.40373, 0.79615, 0.76802, 0.75173,
0.64115, 0.72609, 0.75082, 0.74765, 0.76213, 0.88118, 0.75438, 0.62415,
0.82908, 0.62287, 0.55518, 0.42113, 0.69336, 0.48213, 0.43022, 0.65314,
0.77412, 0.87125, 0.83570, 0.77101, 0.86342, 0.84333, 0.79701, 0.68781,
0.71416, 0.83219, 0.81607, 0.68801, 0.53619, 0.40022, 0.83945, 0.52911,
0.66017, 0.97758, 0.85005, 0.92658, 0.93305, 0.61501, 0.64642, 0.61714,
0.53808, 0.60172, 0.71572, 0.90205, 0.87444, 0.70818, 0.99614, 0.71611,
0.30621, 0.65406, 0.74994, 0.85716, 0.95502, 0.94250, 0.87858, 0.71804,
0.83789, 0.75592, 0.83901, 0.76968, 0.92857, 0.99011, 0.76608, 0.53473,
0.53908, 0.74084, 0.44046, 0.78902, 0.88054, 0.99020, 0.74404, 0.96033,
0.76232, 0.81306, 0.85788, 0.83840, 0.81209, 0.84632, 0.87935, 0.84405,
0.74190, 0.58951, 0.59800, 0.76072, 0.78197, 0.80606, 0.76167, 0.71520,
0.99301, 0.73297, 0.75464, 0.87912, 0.72411, 0.92893, 0.75301, 0.83444,
0.92953, 0.87818, 0.73016, 0.81573, 0.80305, 0.46360, 0.52151, 0.84416,
0.81500, 0.85662, 0.90902, 0.86473, 0.89404, 0.80303, 0.88875, 0.84435,
0.94705, 0.88597, 0.90817, 0.80114, 0.53717, 0.42194, 0.64212, 0.35623,
0.66840, 0.71606, 0.83688, 0.88725, 0.97009, 0.85464, 0.76973, 0.99517,
0.86322, 0.76406, 0.88903, 0.92393, 0.96994, 0.84808, 0.58097, 0.40524,
0.33918, 0.70026, 0.92477, 0.97702, 0.81479, 0.99479, 0.88006, 0.98369,
0.86590, 0.96409, 0.80271, 0.79711, 0.89218, 0.90000, 0.86933, 0.56105,
0.78048, 0.89715, 0.61911, 0.60916, 0.77600, 0.83303, 0.92699, 0.88412,
0.81308, 0.99088, 0.91972, 0.95211, 0.82714, 0.97181, 0.97716, 0.82107,
0.91886, 0.60407, 0.55048, 0.64361, 0.65306, 0.62899, 0.81807, 0.86309,
0.90744, 0.76733, 0.92907, 0.91468, 0.88180, 0.78809, 0.86046, 0.91894,
0.98106, 0.92840, 0.84533, 0.69101, 0.56349, 0.21376, 0.51105, 0.75874,
0.86255, 0.81314, 0.90004, 0.82128, 0.80015, 0.85707, 0.88134, 0.85210,
0.99514, 0.90743, 0.91613, 0.72909, 0.51666, 0.59905, 0.81896, 0.86816,
0.88004, 0.75850, 0.75825, 0.71808, 0.83549, 0.96859, 0.82007, 0.94078,
0.83610, 0.97305, 0.86985, 0.78926, 0.83506, 0.85970, 0.77585, 0.74400,
0.99838, 0.77939, 0.91518, 0.95210, 0.94261, 0.75918, 0.71703, 0.85738,
0.72609, 0.83076, 0.80790, 0.81903, 0.86554, 0.79892, 0.80706, 0.80165,
0.78815, 0.79709, 0.48073, 0.63663, 0.77909, 0.75146, 0.97728, 0.91605,
0.70263, 0.82621, 0.81617, 0.80607, 0.75133, 0.82818, 0.84101, 0.86496,
0.85302, 0.42597, 0.64604, 0.77701, 0.89277, 0.77618, 0.76609, 0.74887,
0.72499, 0.89808, 0.66279, 0.70565, 0.73705, 0.95094, 0.94737, 0.86012,
0.92818, 0.74067, 0.78909, 0.85195, 0.88450, 0.83016, 0.87304, 0.98145,
0.79312, 0.68618, 0.49065, 0.31407, 0.44081, 0.47223, 0.32703, 0.34661,
0.41694, 0.41305, 0.65466, 0.73185, 0.93102, 0.75189, 0.97592, 0.27006,
0.43187, 0.60191, 0.60507, 0.63150, 0.70747, 0.62304, 0.66285, 0.62895,
0.61401, 0.88932, 0.74624, 0.78119, 0.84725, 0.61235, 0.46907, 0.66375,
0.70943, 0.61207, 0.69585, 0.41539, 0.52612, 0.45410, 0.36937, 0.48707,
0.70756, 0.84040, 0.93405, 0.98781, 0.93406, 0.70803, 0.53383, 0.73031,
0.97600, 0.83386, 0.99932, 0.81402, 0.72199, 0.57337, 0.35715, 0.25516,
0.48889, 0.33611, 0.30727, 0.30283, 0.24007, 0.36062, 0.37692, 0.56410,
0.57909, 0.95543, 0.91009, 0.91485, 0.36661, 0.36015, 0.47722, 0.23272,
0.28705, 0.46178, 0.45341, 0.26200, 0.37995, 0.27729, 0.39811, 0.43907,
0.35715, 0.37100, 0.38034, 0.31462, 0.62700, 0.86256, 0.77266, 0.32317,
0.27203, 0.33243, 0.50918, 0.32720, 0.42960, 0.63406, 0.74067, 0.81060,
0.80802, 0.70761, 0.67926, 0.40114, 0.65218, 0.83298, 0.74409, 0.85536,
0.76633, 0.67907, 0.45785, 0.69269, 0.67701, 0.50355, 0.51904, 0.33306,
0.66893, 0.79519, 0.76014, 0.44418, 0.46744, 0.45019, 0.64104, 0.76875,
0.86901, 0.33876, 0.46105, 0.58102, 0.59365, 0.50356, 0.35005, 0.46082,
0.50265, 0.34405, 0.30364, 0.36195, 0.45210, 0.52427, 0.51542, 0.41605,
0.56459, 0.66763, 0.83504, 0.77297, 0.21758, 0.57604, 0.65869, 0.74796,
0.60708, 0.36270, 0.40455, 0.73510, 0.94202, 0.74116, 0.82712, 0.75108,
0.35859, 0.62401, 0.95669, 0.75490, 0.74618, 0.75315, 0.45907, 0.57204,
0.83691, 0.78944, 0.75403, 0.57963, 0.77276, 0.87401, 0.90590, 0.78702,
0.80018, 0.43527, 0.30643, 0.52409, 0.84981, 0.81903, 0.72407, 0.87564,
0.74447, 0.60401, 0.77652, 0.73014, 0.79809, 0.70692, 0.83558, 0.79504,
0.89486, 0.69666, 0.65304, 0.85333, 0.85679, 0.73408, 0.89951, 0.80374,
0.78404, 0.32789, 0.54282, 0.84818, 0.75711, 0.80946, 0.55508, 0.49799,
0.69830, 0.96710, 0.91500, 0.76816, 0.64908, 0.39146, 0.62314, 0.73305,
0.98284, 0.90709, 0.76603, 0.34184, 0.74293, 0.86100, 0.90961, 0.66935,
0.41810, 0.54506, 0.87841, 0.83015, 0.92803, 0.84807, 0.75017, 0.45527,
0.74147, 0.77512, 0.73810, 0.99716, 0.92805, 0.84466, 0.93912, 0.83417,
0.89302, 0.89189, 0.92400, 0.91366, 0.85172, 0.88813, 0.95817, 0.92939,
0.77307, 0.79159, 0.89192, 0.87006, 0.74252, 0.64032, 0.49101, 0.58667,
0.89365, 0.81604, 0.84279, 0.68610, 0.35009, 0.33548, 0.41397, 0.51501,
0.58274, 0.47449, 0.46302, 0.70241, 0.96489, 0.85108, 0.89554, 0.75529,
0.42913, 0.56017, 0.84300, 0.93103, 0.67274, 0.51485, 0.60304, 0.67668,
0.75136, 0.80203, 0.66872, 0.44571, 0.44605, 0.57557, 0.91881, 0.87001,
0.90257, 0.86238, 0.88601, 0.99092, 0.81807, 0.90113, 0.82024, 0.84962,
0.74700, 0.73939, 0.80188, 0.72601, 0.83049, 0.86937, 0.81100, 0.94440,
0.83627, 0.90505, 0.77972, 0.43251, 0.45110, 0.71629, 0.97097, 0.72102,
0.62487, 0.47414, 0.49104, 0.28854, 0.28989, 0.38112, 0.36818, 0.50350,
0.97510, 0.90420, 0.84262, 0.93405, 0.77649, 0.44785, 0.66309, 0.83696,
0.88016, 0.73312, 0.54309, 0.31700, 0.38507, 0.45037, 0.50327, 0.52812,
0.36729, 0.59932, 0.84812, 0.89602, 0.74246, 0.98912, 0.85218, 0.93213,
0.89402, 0.79971, 0.86161, 0.72901, 0.95469, 0.97988, 0.81003, 0.91254,
0.73920, 0.84808, 0.95873, 0.94590, 0.71706, 0.91162, 0.86051, 0.76507,
0.78842, 0.74552, 0.70002, 0.82569, 0.88465, 0.80301, 0.61462, 0.62894,
0.65009, 0.57163, 0.52100, 0.88000, 0.86741, 0.84904, 0.80205, 0.94982,
0.84821, 0.83708, 0.75850, 0.74963, 0.81518, 0.88501, 0.98409, 0.62715,
0.59208, 0.39177, 0.35202, 0.31555, 0.47823, 0.59504, 0.75643, 0.90107,
0.91119, 0.82116, 0.93207, 0.82717, 0.97820, 0.89783, 0.97403, 0.86877,
0.74904, 0.93013, 0.85511, 0.89067, 0.74004, 0.90983, 0.91372, 0.95017,
0.95723, 0.90701, 0.91608, 0.98286, 0.89525, 0.85103, 0.79480, 0.70113,
0.83804, 0.83478, 0.71124, 0.92102, 0.85349, 0.87219, 0.88013, 0.84125,
0.87541, 0.86301, 0.83040, 0.79884, 0.91511, 0.70129, 0.80152, 0.62306,
0.99457, 0.86667, 0.93406, 0.92697, 0.80533, 0.84504, 0.79446, 0.65555,
0.55709, 0.85047, 0.73706, 0.87508, 0.91730, 0.75494, 0.81115, 0.72908,
0.89542, 0.97200, 0.95239, 0.87606, 0.84016, 0.95322, 0.97976, 0.82210,
0.98017, 0.83174, 0.83606, 0.94262, 0.82758, 0.90909, 0.94782, 0.97276,
0.89417, 0.84204, 0.80174, 0.83907, 0.80375, 0.75632, 0.85507, 0.87435,
0.88093, 0.93418, 0.77003, 0.84129, 0.83407, 0.98140, 0.87200, 0.73414,
0.89023, 0.93567, 0.75106, 0.82559, 0.87658, 0.97308, 0.81266, 0.92075,
0.73902, 0.97831, 0.82859, 0.99606, 0.91690, 0.72820, 0.91802, 0.82190,
0.96456, 0.97113, 0.71508, 0.86678, 0.80614, 0.75022, 0.95826, 0.81003,
0.97667, 0.80717, 0.91510, 0.82528, 0.94721, 0.81809, 0.80031, 0.84922,
0.82504, 0.83898, 0.99413, 0.89800, 0.84975, 0.76873, 0.63009, 0.53945,
0.99524, 0.71409, 0.98879, 0.81237, 0.90918, 0.97718, 0.89981, 0.82508,
0.70949, 0.98156, 0.76014, 0.82705, 0.76491, 0.50015, 0.58020, 0.77867,
0.43709, 0.76376, 0.88631, 0.89903, 0.97574, 0.97423, 0.90402, 0.96539,
0.96824, 0.77618, 0.99217, 0.94120, 0.74708, 0.96889, 0.74797, 0.50308,
0.64848, 0.97807, 0.70100, 0.76454, 0.82142, 0.92607, 0.85892, 0.80589,
0.87904, 0.99369, 0.95620, 0.91500, 0.89473, 0.89689, 0.81209, 0.71459,
0.75556, 0.91306, 0.79187, 0.36633, 0.50609, 0.89454, 0.99826, 0.77707,
0.86983, 0.86464, 0.85700, 0.84288, 0.81168, 0.91919, 0.86602, 0.92372,
0.91006, 0.82879, 0.62966, 0.50700, 0.50460, 0.30365, 0.68911, 0.82914,
0.70984, 0.95001, 0.83549, 0.98320, 0.96901, 0.99734, 0.95286, 0.91706,
0.86043, 0.79357, 0.79715, 0.78412, 0.53357, 0.59516, 0.95126, 0.97272,
0.90207, 0.85564, 0.96229, 0.88401, 0.94043, 0.81710, 0.94014, 0.89404,
0.77040, 0.98211, 0.80915, 0.87136, 0.84412, 0.87512, 0.80674, 0.65708,
0.40935, 0.61834, 0.75119, 0.75214, 0.83428, 0.82101, 0.99099, 0.82384,
0.91303, 0.87156, 0.83758, 0.93608, 0.96278, 0.84915, 0.66100, 0.68144,
0.61587, 0.77714, 0.47204, 0.55492, 0.74702, 0.85468, 0.98814, 0.70504,
0.71270, 0.84099, 0.93606, 0.71364, 0.74782, 0.83501, 0.72352, 0.70556,
0.65113, 0.30317, 0.59304, 0.89404, 0.93543, 0.88256, 0.76204, 0.87958,
0.80913, 0.74419, 0.87822, 0.71701, 0.98205, 0.85472, 0.90619, 0.96600,
0.90285, 0.70981, 0.89802, 0.88093, 0.76004, 0.21915, 0.62016, 0.87099,
0.76216, 0.73409, 0.72335, 0.61910, 0.88109, 0.61167, 0.71309, 0.83346,
0.62736, 0.67004, 0.82842, 0.67379, 0.32400, 0.52458, 0.64526, 0.37608,
0.66050, 0.61139, 0.64405, 0.82278, 0.77122, 0.71104, 0.66439, 0.88798,
0.77006, 0.79676, 0.67720, 0.83617, 0.76408, 0.60941, 0.52206, 0.48847,
0.78345, 0.93608, 0.83872, 0.82220, 0.89716, 0.93824, 0.86353, 0.96500,
0.88831, 0.98698, 0.87805, 0.90884, 0.83793, 0.88600, 0.83699, 0.79745,
0.73914, 0.61827, 0.27032, 0.26303, 0.32256, 0.39804, 0.22401, 0.27885,
0.37640, 0.26606, 0.47298, 0.21566, 0.22419, 0.46713, 0.21793, 0.28016,
0.46026, 0.36425, 0.56511, 0.62112, 0.20902, 0.31204, 0.21045, 0.41020,
0.29406, 0.34633, 0.30313, 0.22706, 0.33370, 0.43684, 0.39108, 0.40464,
0.40215, 0.46903, 0.45995, 0.30457, 0.41017, 0.91801, 0.86715, 0.86616,
0.84403, 0.85937, 0.82702, 0.81267, 0.93658, 0.91613, 0.86526, 0.84766,
0.72008, 0.70686, 0.96916, 0.84417, 0.97824, 0.97385, 0.88307, 0.40552,
0.51485, 0.57304, 0.36230, 0.45183, 0.43006, 0.57545, 0.38459, 0.46804,
0.36970, 0.54917, 0.49007, 0.42687, 0.38986, 0.30218, 0.52613, 0.69068,
0.79315, 0.51618, 0.39649, 0.39101, 0.37160, 0.54706, 0.43801, 0.38034,
0.42734, 0.52605, 0.50848, 0.52015, 0.57809, 0.52861, 0.43951, 0.39202,
0.44448, 0.42396, 0.91701, 0.97880, 0.78925, 0.98802, 0.76146, 0.83715,
0.77001, 0.90963, 0.92706, 0.81806, 0.92675, 0.96026, 0.74900, 0.85875,
0.94440, 0.86406, 0.91095, 0.92018, 0.79708, 0.75191, 0.71957, 0.77000,
0.89778, 0.87357, 0.77005, 0.84271, 0.80517, 0.82512, 0.85715, 0.73012,
0.77301, 0.71377, 0.88195, 0.79604, 0.70459, 0.79071, 0.79607, 0.62090,
0.65418, 0.88115, 0.67010, 0.63831, 0.68804, 0.78992, 0.80325, 0.70006,
0.72675, 0.67579, 0.60901, 0.87880, 0.62494, 0.85503, 0.77948
